place_id,google_id,name,category,subtypes,website,phone,address,city,postal_code,country,rating,reviews,business_status,google_maps_url,query,email,linkedin,facebook,instagram,relevant,priority,property_type,estimated_property_count,independent_operator,ideal_customer,claude_reason
ChIJs9UN0DUDdkgRutjvuNcU2no,0x48760335d00dd5b3:0x7ada14d7b8efd8ba,Wombat's City Hostel London,Hostel,"Hostel, Bar",,+44 20 7680 7600,,London,E1 8LL,United Kingdom of Great Britain and Northern Ireland,4.4,3790,OPERATIONAL,"https://www.google.com/maps/place/Wombat%27s+City+Hostel+London/@51.510505599999995,-0.068171,14z/data=!4m8!1m2!2m1!1sWombat%27s+City+Hostel+London!3m4!1s0x48760335d00dd5b3:0x7ada14d7b8efd8ba!8m2!3d51.510505599999995!4d-0.068171",hostel London United Kingdom,,,,,true,A,Hostel,1,true,true,Operating hostel matches ideal customer accommodation types; Independently operates single property in London; Clear operational focus with strong review engagement
ChIJEWSsmdwQdkgRPbB44m_Ah-s,0x487610dc99ac6411:0xeb87c06fe278b03d,London Backpackers,Youth hostel,"Youth hostel, Hostel",https://www.londonbackpackers.com/%3Futm_source%3Dgoogle%26utm_medium%3Dorganic%26utm_campaign%3DGMB_website_URL,+44 20 8203 1319,"Queens Parade, 8-10, Queens Rd, London NW4 3NS",London,NW4 3NS,United Kingdom of Great Britain and Northern Ireland,4.6,2899,OPERATIONAL,"https://www.google.com/maps/place/London+Backpackers/@51.5826601,-0.2262547,14z/data=!4m8!1m2!2m1!1sLondon+Backpackers!3m4!1s0x487610dc99ac6411:0xeb87c06fe278b03d!8m2!3d51.5826601!4d-0.2262547",hostel London United Kingdom,,,,,true,A,Hostel,1,true,true,Independent single-location hostel operator; Strong online presence and good reviews (4.6 rating); Perfect fit for PulseHub's ideal customer profile
ChIJu1UiKl4DdkgRGOOjQBEm3-4,0x4876035e2a2255bb:0xeedf261140a3e318,Restup London,Hostel,Hostel,https://www.restup.co.uk/,+44 20 3642 4549,"Driscoll House, 172 New Kent Rd, London SE1 4YT",London,SE1 4YT,United Kingdom of Great Britain and Northern Ireland,3.3,2869,OPERATIONAL,"https://www.google.com/maps/place/Restup+London/@51.4939937,-0.0906775,14z/data=!4m8!1m2!2m1!1sRestup+London!3m4!1s0x4876035e2a2255bb:0xeedf261140a3e318!8m2!3d51.4939937!4d-0.0906775",hostel London United Kingdom,,,,,true,A,Hostel,1,true,true,Independent single-location hostel operator; Sole property focus; Strong candidate for founder-led outreach
ChIJxfQdClUFdkgRuYx8KD9Aq7Q,0x487605550a1df4c5:0xb4ab403f287c8cb9,Smart Hyde Park Inn,Hostel,"Hostel, Hotel",,+44 20 7123 9355,,London,W2 3JA,United Kingdom of Great Britain and Northern Ireland,3.3,2273,OPERATIONAL,"https://www.google.com/maps/place/Smart+Hyde+Park+Inn/@51.5123837,-0.1860599,14z/data=!4m8!1m2!2m1!1sSmart+Hyde+Park+Inn!3m4!1s0x487605550a1df4c5:0xb4ab403f287c8cb9!8m2!3d51.5123837!4d-0.1860599",hostel London United Kingdom,,,,,true,A,Hostel,1,true,true,Independent hostel operator in London; Core business is accommodation management; Matches ideal customer profile
ChIJ06ltalMFdkgRKuYlJvvKnhI,0x487605536a6da9d3:0x129ecafb2625e62a,Smart Hyde Park View,Hostel,"Hostel, Hotel",,+44 20 7101 7763,,London,W2 3EU,United Kingdom of Great Britain and Northern Ireland,3.7,2024,OPERATIONAL,"https://www.google.com/maps/place/Smart+Hyde+Park+View/@51.51177,-0.182925,14z/data=!4m8!1m2!2m1!1sSmart+Hyde+Park+View!3m4!1s0x487605536a6da9d3:0x129ecafb2625e62a!8m2!3d51.51177!4d-0.182925",hostel London United Kingdom,,,,,true,A,Hostel,1,true,true,Independent hostel operator in London; Core business is accommodation management; Matches ideal customer profile
ChIJ39LzkscPdkgRfoG7OS_qhfQ,0x48760fc792f3d2df:0xf485ea2f39bb817e,Abercorn House London,Hotel,"Hotel, Group accommodation, Hostel, Serviced accommodation",,+44 20 8563 8692,,London,W6 7DR,United Kingdom of Great Britain and Northern Ireland,3.4,1180,OPERATIONAL,"https://www.google.com/maps/place/Abercorn+House+London/@51.494488399999994,-0.22209099999999998,14z/data=!4m8!1m2!2m1!1sAbercorn+House+London!3m4!1s0x48760fc792f3d2df:0xf485ea2f39bb817e!8m2!3d51.494488399999994!4d-0.22209099999999998",guest house London United Kingdom,,,,,true,A,Hotel/Group accommodation,1,true,true,Independent hotel/group accommodation operator in London; Core business is accommodation management; Matches ideal customer profile
ChIJafxqoXkQdkgRnbv6Ld02VkE,0x48761079a16afc69:0x415636dd2dfabb9d,Charlotte Guest House,Guest house,"Guest house, Serviced accommodation",https://www.charlotteguesthouse.co.uk/,+44 20 7794 6476,"195, 197 Sumatra Rd, London NW6 1PF",London,NW6 1PF,United Kingdom of Great Britain and Northern Ireland,4.4,768,OPERATIONAL,"https://www.google.com/maps/place/Charlotte+Guest+House/@51.548801499999996,-0.1923311,14z/data=!4m8!1m2!2m1!1sCharlotte+Guest+House!3m4!1s0x48761079a16afc69:0x415636dd2dfabb9d!8m2!3d51.548801499999996!4d-0.1923311",guest house London United Kingdom,,,,,true,A,Guest House,1,true,true,Independent guest house operator managing single serviced accommodation property; Exact fit for ideal customer profile; Small owner-operated accommodation business
ChIJd6g8o1UEdkgRh0nfJ_BnYaI,0x48760455a33ca877:0xa26167f027df4987,Chelsea Guest House,Guest house,"Guest house, Hotel",http://www.chelseaguesthouse.co.uk/,+44 20 7627 6262,"372 Wandsworth Rd, Nine Elms, London SW8 4TE",London,SW8 4TE,United Kingdom of Great Britain and Northern Ireland,4.0,636,OPERATIONAL,"https://www.google.com/maps/place/Chelsea+Guest+House/@51.4714161,-0.1372332,14z/data=!4m8!1m2!2m1!1sChelsea+Guest+House!3m4!1s0x48760455a33ca877:0xa26167f027df4987!8m2!3d51.4714161!4d-0.1372332",guest house London United Kingdom,,,,,true,A,Guest house,1,true,true,Independent guest house operator; Core business is accommodation management; Single property with strong online presence
ChIJw6CY5mIFdkgRlvSMs9tKaUk,0x48760562e698a0c3:0x49694adbb38cf496,Chelsea House Hotel,Bed & breakfast,Bed & breakfast,http://www.chelsea-house.co.uk/,+44 20 7244 7700,"96 Redcliffe Gardens, London SW10 9HH",London,SW10 9HH,United Kingdom of Great Britain and Northern Ireland,3.7,491,OPERATIONAL,"https://www.google.com/maps/place/Chelsea+House+Hotel/@51.4888493,-0.1901863,14z/data=!4m8!1m2!2m1!1sChelsea+House+Hotel!3m4!1s0x48760562e698a0c3:0x49694adbb38cf496!8m2!3d51.4888493!4d-0.1901863",guest house London United Kingdom,,,,,true,A,Bed & breakfast,1,true,true,Independent bed & breakfast operator; Single property focused on accommodation; Core business is guest management
ChIJKVSWXSEbdkgR0bow4nBgXFQ,0x48761b215d965429:0x545c6070e230bad1,The Pack and Carriage,Guest house,"Guest house, Bar, Bed & breakfast, Hotel",http://www.thepackandcarriage.london/,+44 20 7916 2181,"162 Eversholt St, London NW1 1BL",London,NW1 1BL,United Kingdom of Great Britain and Northern Ireland,4.0,472,OPERATIONAL,"https://www.google.com/maps/place/The+Pack+and+Carriage/@51.5319831,-0.1356239,14z/data=!4m8!1m2!2m1!1sThe+Pack+and+Carriage!3m4!1s0x48761b215d965429:0x545c6070e230bad1!8m2!3d51.5319831!4d-0.1356239",guest house London United Kingdom,,,,,true,A,Guest house,1,true,true,Independent guest house operator; Operates accommodation as core business; Ideal property scale for PulseHub
ChIJFdhDLegPdkgR2fBK-zQJ85U,0x48760fe82d43d815:0x95f30934fb4af0d9,Urbany Hostel London,Youth hostel,Youth hostel,http://www.urbanyhostels.com/urbany-london-hostel,+44 20 7846 8667,"48-49 Prince's Square, London W2 4PX",London,W2 4PX,United Kingdom of Great Britain and Northern Ireland,4.5,411,OPERATIONAL,"https://www.google.com/maps/place/Urbany+Hostel+London/@51.513434499999995,-0.1917508,14z/data=!4m8!1m2!2m1!1sUrbany+Hostel+London!3m4!1s0x48760fe82d43d815:0x95f30934fb4af0d9!8m2!3d51.513434499999995!4d-0.1917508",hostel London United Kingdom,,,,,true,A,Hostel,1,true,true,Independent hostel operator; Operates accommodation as core business; Well-reviewed property within ideal scale
ChIJkY_BR7YadkgRdtUWVPI4ULs,0x48761ab647c18f91:0xbb5038f25416d576,Bell House Hostel,Hostel,Hostel,https://www.bellhousehostel.co.uk/,+44 7440 256002,"Bell House, 91 Bell St, Greater, London NW1 6TL",London,NW1 6TL,United Kingdom of Great Britain and Northern Ireland,3.3,374,OPERATIONAL,"https://www.google.com/maps/place/Bell+House+Hostel/@51.5220547,-0.1661151,14z/data=!4m8!1m2!2m1!1sBell+House+Hostel!3m4!1s0x48761ab647c18f91:0xbb5038f25416d576!8m2!3d51.5220547!4d-0.1661151",hostel London United Kingdom,,,,,true,A,Hostel,1,true,true,Independent hostel operator; Single property focus; Operates accommodation as core business
ChIJ81Qi5H0bdkgRy25gEqfbgxk,0x48761b7de42254f3:0x1983dba712606ecb,The Highbury Centre,Guest house,"Guest house, Bed & breakfast, Lodge",,+44 20 7226 2663,,London,N5 2BJ,United Kingdom of Great Britain and Northern Ireland,4.6,257,OPERATIONAL,"https://www.google.com/maps/place/The+Highbury+Centre/@51.5513305,-0.0951283,14z/data=!4m8!1m2!2m1!1sThe+Highbury+Centre!3m4!1s0x48761b7de42254f3:0x1983dba712606ecb!8m2!3d51.5513305!4d-0.0951283",guest house London United Kingdom,,,,,true,A,Guest house,1-3,true,true,"Independent guest house operator in London; Well-rated (4.6 stars, 257 reviews) indicates active management; Clear accommodation focus - core business model"
ChIJDTyTF5gFdkgRC_z0fjOnrx0,0x4876059817933c0d:0x1dafa7337ef4fc0b,The Lavender Guest House - Book Direct for Best Rates,Guest house,"Guest house, Bed & breakfast, Hotel",,+44 20 7585 2767,,London,SW11 1HA,United Kingdom of Great Britain and Northern Ireland,4.9,250,OPERATIONAL,"https://www.google.com/maps/place/The+Lavender+Guest+House+-+Book+Direct+for+Best+Rates/@51.463059,-0.165568,14z/data=!4m8!1m2!2m1!1sThe+Lavender+Guest+House+-+Book+Direct+for+Best+Rates!3m4!1s0x4876059817933c0d:0x1dafa7337ef4fc0b!8m2!3d51.463059!4d-0.165568",guest house London United Kingdom,,,,,true,A,Guest house,1-3,true,true,"Independent guest house with strong ratings (4.9 stars, 250 reviews); Direct booking emphasis suggests self-managed operation; Fits ideal customer profile for accommodation operator"
ChIJkxlJCoEPdkgRZiOYvZn7AeE,0x48760f810a491993:0xe101fb99bd982366,Bed & Breakfast/ Georgiana's Guest House,Bed & breakfast,Bed & breakfast,https://georgianabedandbreakfast.com/,+44 7768 336557,"2 Cresford Rd, London SW6 2AH",London,SW6 2AH,United Kingdom of Great Britain and Northern Ireland,4.9,172,OPERATIONAL,"https://www.google.com/maps/place/Bed+%26+Breakfast%2F+Georgiana%27s+Guest+House/@51.475612899999994,-0.1919029,14z/data=!4m8!1m2!2m1!1sBed+%26+Breakfast%2F+Georgiana%27s+Guest+House!3m4!1s0x48760f810a491993:0xe101fb99bd982366!8m2!3d51.475612899999994!4d-0.1919029",guest house London United Kingdom,,,,,true,A,Guest House / Bed & Breakfast,1,true,true,"Independent operator managing single guest house property; Perfect fit for PulseHub's 1-10 property target; Core business is accommodation management, not ancillary service"
ChIJDxyLo5AQdkgR3L6-eBbJHzs,0x48761090a38b1c0f:0x3b1fc91678bebedc,Martel Guest House,Guest house,"Guest house, Bed & breakfast",http://www.martelguesthouse.co.uk/,+44 20 8455 1802,"27 The Ridgeway, London NW11 8QP",London,NW11 8QP,United Kingdom of Great Britain and Northern Ireland,4.4,143,OPERATIONAL,"https://www.google.com/maps/place/Martel+Guest+House/@51.5713892,-0.20020939999999998,14z/data=!4m8!1m2!2m1!1sMartel+Guest+House!3m4!1s0x48761090a38b1c0f:0x3b1fc91678bebedc!8m2!3d51.5713892!4d-0.20020939999999998",guest house London United Kingdom,,,,,true,A,Guest House / Bed & Breakfast,1,true,true,"Independent guest house operator managing single property; Perfect match for PulseHub's 1-10 property independent operator target; Core business is accommodation operation, not ancillary service"
ChIJSfDUmvIadkgR66HQu0gJiuQ,0x48761af29ad4f049:0xe48a0948bbd0a1eb,Primrose Guesthouse,Guest house,"Guest house, Bed & breakfast, Indoor accommodation",http://www.primroseguesthouse.co.uk/,+44 7735 550098,"34 Primrose Gardens, Belsize Park, London NW3 4TN",London,NW3 4TN,United Kingdom of Great Britain and Northern Ireland,4.6,87,OPERATIONAL,"https://www.google.com/maps/place/Primrose+Guesthouse/@51.547304,-0.1628048,14z/data=!4m8!1m2!2m1!1sPrimrose+Guesthouse!3m4!1s0x48761af29ad4f049:0xe48a0948bbd0a1eb!8m2!3d51.547304!4d-0.1628048",guest house London United Kingdom,,,,,true,A,Guest House,1,true,true,Independent guesthouse operator; Single property management; Strong rating indicates professional operation
ChIJSU6Gd6sFdkgRg1s_xRlgyDQ,0x487605ab77864e49:0x34c86019c53f5b83,Clapham Guest House,Guest house,"Guest house, Hotel, Serviced accommodation",http://www.claphamguesthouse.com/,+44 20 7819 9997,"685 Wandsworth Rd, London SW8 3JE",London,SW8 3JE,United Kingdom of Great Britain and Northern Ireland,3.8,72,OPERATIONAL,"https://www.google.com/maps/place/Clapham+Guest+House/@51.4681984,-0.1438021,14z/data=!4m8!1m2!2m1!1sClapham+Guest+House!3m4!1s0x487605ab77864e49:0x34c86019c53f5b83!8m2!3d51.4681984!4d-0.1438021",guest house London United Kingdom,,,,,true,A,Guest House,1,true,true,Independent guest house operator; Single property operation; Ideal PulseHub customer profile
ChIJVWSZhRwbdkgRjUsgF-jBLyw,0x48761b1c85996455:0x2c2fc1e817204b8d,Central Victorian House,Guest house,"Guest house, Serviced accommodation",https://centralvictorianhouse.com/,+44 7907 493009,"101 Camden Rd, London NW1 9HA",London,NW1 9HA,United Kingdom of Great Britain and Northern Ireland,4.4,71,OPERATIONAL,"https://www.google.com/maps/place/Central+Victorian+House/@51.544349,-0.1356105,14z/data=!4m8!1m2!2m1!1sCentral+Victorian+House!3m4!1s0x48761b1c85996455:0x2c2fc1e817204b8d!8m2!3d51.544349!4d-0.1356105",guest house London United Kingdom,,,,,true,A,Guest House,1,true,true,Independent guesthouse operator; Single location management; Strong ratings and active operations
ChIJ-6XQ0ogFdkgRc2A6MkZobsM,0x48760588d2d0a5fb:0xc36e6846323a6073,Tenergy Icon Living,Property management company,Property management company,,+44 20 3242 0595,,London,SE17 1JL,United Kingdom of Great Britain and Northern Ireland,4.9,47,OPERATIONAL,"https://www.google.com/maps/place/Tenergy+Icon+Living/@51.490905999999995,-0.09776119999999999,14z/data=!4m8!1m2!2m1!1sTenergy+Icon+Living!3m4!1s0x48760588d2d0a5fb:0xc36e6846323a6073!8m2!3d51.490905999999995!4d-0.09776119999999999",co-living London United Kingdom,,,,,true,A,Co-living,unknown,true,true,Property management company focused on co-living operations; Independent operator managing accommodation directly; Strong rating indicates professional operation
ChIJAxrOjM0FdkgRR_Alu2CvBWc,0x487605cd8cce1a03:0x6705af60bb25f047,Brixton Junction,Furnished apartment building,"Furnished apartment building, Property management company, Serviced accommodation",,+44 20 4527 8689,,London,SE24 0QF,United Kingdom of Great Britain and Northern Ireland,4.6,31,OPERATIONAL,"https://www.google.com/maps/place/Brixton+Junction/@51.464116,-0.1025749,14z/data=!4m8!1m2!2m1!1sBrixton+Junction!3m4!1s0x487605cd8cce1a03:0x6705af60bb25f047!8m2!3d51.464116!4d-0.1025749",co-living London United Kingdom,,,,,true,A,Serviced accommodation / Co-living,1-10,true,true,Directly operates furnished/serviced accommodation; Co-living focus aligns with PulseHub target types; Independent operator profile
ChIJHVf8XqYcdkgRI1ox1unvtaY,0x48761ca65efc571d:0xa6b5efe9d6315a23,Bloom Coliving,Property management company,Property management company,,+44 20 3151 4015,,London,EC1V 1NR,United Kingdom of Great Britain and Northern Ireland,4.7,22,OPERATIONAL,"https://www.google.com/maps/place/Bloom+Coliving/@51.5279393,-0.08978359999999999,14z/data=!4m8!1m2!2m1!1sBloom+Coliving!3m4!1s0x48761ca65efc571d:0xa6b5efe9d6315a23!8m2!3d51.5279393!4d-0.08978359999999999",co-living London United Kingdom,,,,,true,A,Co-living,1-10,true,true,Co-living operator - core accommodation business; Property management company managing own properties; Independent operator ideal profile
ChIJ5TCqQXgbdkgRkXQa0Iziags,0x48761b7841aa30e5:0xb6ae28cd01a7491,Gravity Co Camden Town,Furnished apartment building,Furnished apartment building,https://gravitycoliving.com/location/camden-town/%3Futm_source%3Dgoogle%26utm_medium%3Dlocal%26utm_campaign%3Dgravityco-camden-town,+44 20 8163 2343,"Ground Floor, 31 Kentish Town Rd, London NW1 8NL",London,NW1 8NL,United Kingdom of Great Britain and Northern Ireland,5.0,6,OPERATIONAL,"https://www.google.com/maps/place/Gravity+Co+Camden+Town/@51.5407665,-0.14229719999999998,14z/data=!4m8!1m2!2m1!1sGravity+Co+Camden+Town!3m4!1s0x48761b7841aa30e5:0xb6ae28cd01a7491!8m2!3d51.5407665!4d-0.14229719999999998",co-living London United Kingdom,,,,,true,A,Co-living,unknown,true,true,Co-living operator actively managing furnished apartment buildings; Multiple locations suggest established independent business; Strong rating and active management of accommodation
ChIJ0c1oIYUadkgRkPBCARMtPVE,0x48761a852168cdd1:0x513d2d130142f090,Hampstead Green Hill Guest House,Guest house,Guest house,https://www.london-tokyo.co.uk/jp/pages/show/3/guesthouse,+44 20 7431 4550,"122C Finchley Rd, London NW3 5HT",London,NW3 5HT,United Kingdom of Great Britain and Northern Ireland,4.2,5,OPERATIONAL,"https://www.google.com/maps/place/Hampstead+Green+Hill+Guest+House/@51.5474746,-0.1791678,14z/data=!4m8!1m2!2m1!1sHampstead+Green+Hill+Guest+House!3m4!1s0x48761a852168cdd1:0x513d2d130142f090!8m2!3d51.5474746!4d-0.1791678",guest house London United Kingdom,,,,,true,A,Guest House,1,true,true,Independent guest house operator managing accommodation; Fits ideal customer profile for small accommodation business; Actively operating hospitality accommodation
ChIJYRQsGV0NdkgRTSldZZUodVo,0x48760d5d192c1461:0x5a752895655d294d,Richmond HMO Ltd,Property management company,Property management company,http://www.richmondhmo.co.uk/,+44 7310 000567,"Flat 9, 222 St. Margarets Rd, Twickenham TW1 1NP",Twickenham,TW1 1NP,United Kingdom of Great Britain and Northern Ireland,4.8,5,OPERATIONAL,"https://www.google.com/maps/place/Richmond+HMO+Ltd/@51.458803499999995,-0.3223972,14z/data=!4m8!1m2!2m1!1sRichmond+HMO+Ltd!3m4!1s0x48760d5d192c1461:0x5a752895655d294d!8m2!3d51.458803499999995!4d-0.3223972",HMO London United Kingdom,,,,,true,A,HMO,unknown,true,true,"Independent HMO property management company; Specialized in HMO operations, core business is accommodation management; Small independent operator with strong ratings"
ChIJs1q1wTwRdkgRKuMnmt8aTww,0x4876113cc1b55ab3:0xc4f1adf9a27e32a,Gravity Co - West Hampstead,Apartment Letting Agency,"Apartment Letting Agency, Furnished apartment building, Short term apartment rental agency",https://gravityco.co/location/west-hampstead/%3Futm_source%3Dgoogle%26utm_medium%3Dlocal%26utm_campaign%3Dgravity_west_hampstead,+44 20 8163 2343,"11 Dennington Park Rd, London NW6 1BB",London,NW6 1BB,United Kingdom of Great Britain and Northern Ireland,5.0,5,OPERATIONAL,"https://www.google.com/maps/place/Gravity+Co+-+West+Hampstead/@51.5498524,-0.1934718,14z/data=!4m8!1m2!2m1!1sGravity+Co+-+West+Hampstead!3m4!1s0x4876113cc1b55ab3:0xc4f1adf9a27e32a!8m2!3d51.5498524!4d-0.1934718",co-living London United Kingdom,,,,,true,A,Co-living,unknown,true,true,Co-living operator managing furnished apartments with multiple locations; Independent business actively operating accommodation properties; Established operator with strong ratings
ChIJu6Q1VoIbdkgRLwP--RgrdiQ,0x48761b825635a4bb:0x24762b18f9fe032f,Fllat - Coliving & Student Housing,Apartment Rental Agency,Apartment Rental Agency,,+44 7883 316368,,London,EC1V 8BW,United Kingdom of Great Britain and Northern Ireland,5.0,3,OPERATIONAL,"https://www.google.com/maps/place/Fllat+-+Coliving+%26+Student+Housing/@51.5283722,-0.09397839999999999,14z/data=!4m8!1m2!2m1!1sFllat+-+Coliving+%26+Student+Housing!3m4!1s0x48761b825635a4bb:0x24762b18f9fe032f!8m2!3d51.5283722!4d-0.09397839999999999",co-living London United Kingdom,,,,,true,A,"co-living, student accommodation",unknown,true,true,Co-living and student housing specialist with explicit focus on accommodation operations; Direct phone contact and London location; Clear alignment with PulseHub's target accommodation types
ChIJM4cpDTobdkgRx8LDQJ76Yu8,0x48761b3a0d298733:0xef62fa9e40c3c2c7,Generator London,Hostel,"Hostel, Bar, Cafe, Hotel, Serviced accommodation",https://staygenerator.com/hostels/london%3Futm_source%3Dgoogle-my-business%26utm_medium%3Dorganic%26utm_campaign%3Dhostel-London,+44 20 7388 7666,"37 Tavistock Pl, London WC1H 9SE",London,WC1H 9SE,United Kingdom of Great Britain and Northern Ireland,3.7,6087,OPERATIONAL,"https://www.google.com/maps/place/Generator+London/@51.5262045,-0.12482499999999999,14z/data=!4m8!1m2!2m1!1sGenerator+London!3m4!1s0x48761b3a0d298733:0xef62fa9e40c3c2c7!8m2!3d51.5262045!4d-0.12482499999999999",hostel London United Kingdom,,,,,true,B,Hostel,unknown,false,false,"Generator is a multi-property hostel chain, not an independent operator; Part of larger hospitality group with bar/cafe operations; Likely institutional scale makes founder outreach less appropriate"
ChIJt9C-KTcbdkgRJq74i41gJvE,0x48761b3729bed0b7:0xf126608d8bf8ae26,Smart Russell Square,Hostel,"Hostel, Hotel",https://www.smarthostels.com/hostels/smart-russell-square,+44 20 7101 2807,"71-72 Guilford St, London WC1N 1DF",London,WC1N 1DF,United Kingdom of Great Britain and Northern Ireland,3.3,3473,OPERATIONAL,"https://www.google.com/maps/place/Smart+Russell+Square/@51.5227976,-0.12320869999999999,14z/data=!4m8!1m2!2m1!1sSmart+Russell+Square!3m4!1s0x48761b3729bed0b7:0xf126608d8bf8ae26!8m2!3d51.5227976!4d-0.12320869999999999",hostel London United Kingdom,,,,,true,B,Hostel,unknown,false,false,Smart Hostels operates multiple locations (chain); Not independent single-property operator; Scale suggests corporate structure over PulseHub's ideal customer profile
ChIJj2GS5DgbdkgR5ByCB6VlX3M,0x48761b38e492618f:0x735f65a507821ce4,Clink261,Hostel,"Hostel, Youth hostel",https://www.clinkhostels.com/london/clink261/,+44 20 7183 9400,"261-265 Gray's Inn Rd, London WC1X 8QT",London,WC1X 8QT,United Kingdom of Great Britain and Northern Ireland,3.9,2782,OPERATIONAL,"https://www.google.com/maps/place/Clink261/@51.529061399999996,-0.1201225,14z/data=!4m8!1m2!2m1!1sClink261!3m4!1s0x48761b38e492618f:0x735f65a507821ce4!8m2!3d51.529061399999996!4d-0.1201225",hostel London United Kingdom,,,,,true,B,Hostel,unknown,false,false,Clink Hostels operates multiple locations (chain); Not independent single operator; Chain structure reduces sales priority
ChIJJVQ66DMbdkgRygLpueesB1o,0x48761b33e83a5425:0x5a07ace7b9e902ca,Astor Museum Hostel,Hostel,Hostel,https://www.astorhostels.com/,+44 20 7580 5360,"27 Montague St, London WC1B 5BH",London,WC1B 5BH,United Kingdom of Great Britain and Northern Ireland,4.2,964,OPERATIONAL,"https://www.google.com/maps/place/Astor+Museum+Hostel/@51.519537299999996,-0.1249057,14z/data=!4m8!1m2!2m1!1sAstor+Museum+Hostel!3m4!1s0x48761b33e83a5425:0x5a07ace7b9e902ca!8m2!3d51.519537299999996!4d-0.1249057",hostel London United Kingdom,,,,,true,B,Hostel,unknown,true,false,Operates hostel accommodation which fits PulseHub scope; Astor Hostels appears to be a small chain; unclear if independent or part of larger group; High review volume suggests established multi-property operator
ChIJg7J9bdIEdkgRJGYSczrrWzc,0x487604d26d7db283:0x375beb3a73126624,Victory House Leicester Square,Hotel,"Hotel, Bar, Restaurant",,+44 20 3909 4100,,London,WC2H 7BZ,United Kingdom of Great Britain and Northern Ireland,4.0,939,OPERATIONAL,"https://www.google.com/maps/place/Victory+House+Leicester+Square/@51.511230999999995,-0.1300103,14z/data=!4m8!1m2!2m1!1sVictory+House+Leicester+Square!3m4!1s0x487604d26d7db283:0x375beb3a73126624!8m2!3d51.511230999999995!4d-0.1300103",guest house London United Kingdom,,,,,true,B,Hotel,1,true,true,Hotel operator in prime London location; Operates accommodation as core business; Strong location and rating indicate established operation
ChIJiWVdTsQRdkgR2WSHDt7Wumo,0x487611c44e5d6589:0x6abad6de0e8764d9,The Collective Old Oak,Serviced accommodation,"Serviced accommodation, Group accommodation",,+44 20 3921 0561,,London,NW10 6FF,United Kingdom of Great Britain and Northern Ireland,4.1,818,OPERATIONAL,"https://www.google.com/maps/place/The+Collective+Old+Oak/@51.5288815,-0.25052979999999997,14z/data=!4m8!1m2!2m1!1sThe+Collective+Old+Oak!3m4!1s0x487611c44e5d6589:0x6abad6de0e8764d9!8m2!3d51.5288815!4d-0.25052979999999997",co-living London United Kingdom,,,,,true,B,Serviced accommodation/Co-living,1,true,true,Serviced accommodation and group accommodation operator; Matches co-living accommodation type; Core business is accommodation management
ChIJp6Z2b4APdkgRHHLmiNYDy8k,0x48760f806f76a6a7:0xc9cb03d688e6721c,Queen Elizabeth Hostel & Pub,Hostel,"Hostel, Bar",https://www.queenelizabethhostel.co.uk/,+44 7907 587578,"58 Bagleys Ln, London SW6 2BH",London,SW6 2BH,United Kingdom of Great Britain and Northern Ireland,3.3,786,OPERATIONAL,"https://www.google.com/maps/place/Queen+Elizabeth+Hostel+%26+Pub/@51.474695399999995,-0.1888317,14z/data=!4m8!1m2!2m1!1sQueen+Elizabeth+Hostel+%26+Pub!3m4!1s0x48760f806f76a6a7:0xc9cb03d688e6721c!8m2!3d51.474695399999995!4d-0.1888317",hostel London United Kingdom,,,,,true,B,Hostel,1,true,true,Small independent hostel operator fits ideal profile; Pub element is secondary to hostel accommodation focus; Single location suggests independent operator
ChIJ-cYVzdQEdkgRi8vH6gV_SjU,0x487604d4cd15c6f9:0x354a7f05eac7cb8b,Astor Oxford Street,Hostel,"Hostel, Hotel, Youth hostel",http://www.astorhostels.com/,+44 20 7734 1618,"14 Noel St, London W1F 8GJ",London,W1F 8GJ,United Kingdom of Great Britain and Northern Ireland,4.3,745,OPERATIONAL,"https://www.google.com/maps/place/Astor+Oxford+Street/@51.514820699999994,-0.1367688,14z/data=!4m8!1m2!2m1!1sAstor+Oxford+Street!3m4!1s0x487604d4cd15c6f9:0x354a7f05eac7cb8b!8m2!3d51.514820699999994!4d-0.1367688",hostel London United Kingdom; student accommodation London United Kingdom,,,,,true,B,Hostel,unknown,false,false,"Part of Astor Hostels chain operating multiple locations; While hostels fit scope, chain structure suggests not independent operator; Larger multi-property group less ideal than single operators"
ChIJqWtO078EdkgR4G8yaiJILhA,0x487604bfd34e6ba9:0x102e48226a326fe0,London Waterloo Hostel,Hostel,"Hostel, Extended stay hotel, Hotel",http://www.londonwaterloohostel.com/,+44 7743 635188,"73 Lambeth Walk, London SE11 6DX",London,SE11 6DX,United Kingdom of Great Britain and Northern Ireland,3.0,671,OPERATIONAL,"https://www.google.com/maps/place/London+Waterloo+Hostel/@51.4943222,-0.1144259,14z/data=!4m8!1m2!2m1!1sLondon+Waterloo+Hostel!3m4!1s0x487604bfd34e6ba9:0x102e48226a326fe0!8m2!3d51.4943222!4d-0.1144259",hostel London United Kingdom,,,,,true,B,Hostel,1,true,true,Independent hostel operator fits target profile; Extended stay and hotel features suggest diverse accommodation management; Single property with direct phone contact suggests small operator
ChIJdSAyrFUFdkgRvTJTtShYyxk,0x48760555ac322075:0x19cb5828b55332bd,Astor Kensington Hostel,Hostel,Hostel,http://www.astorhostels.com/,+44 20 7229 7782,"45 Queensborough Terrace, London W2 3SY",London,W2 3SY,United Kingdom of Great Britain and Northern Ireland,3.9,639,OPERATIONAL,"https://www.google.com/maps/place/Astor+Kensington+Hostel/@51.5117312,-0.18548889999999998,14z/data=!4m8!1m2!2m1!1sAstor+Kensington+Hostel!3m4!1s0x48760555ac322075:0x19cb5828b55332bd!8m2!3d51.5117312!4d-0.18548889999999998",hostel London United Kingdom,,,,,true,B,Hostel,unknown,false,false,"Part of Astor Hostels chain with multiple London locations; While hostels are ideal accommodation type, chain structure suggests corporate operator; Less suitable than independent single-property operators"
ChIJkdug2h0FdkgRUZGBoLmeaVY,0x4876051ddaa0db91:0x56699eb9a0819151,Onefam Waterloo Hostel London,Hostel,"Hostel, Student Accommodation Centre, Youth hostel",https://onefamhostels.com/waterloo-onefam-hostel-london/,+44 20 7582 3088,"null, 73 Lambeth Walk, London SE11 6DX",London,SE11 6DX,United Kingdom of Great Britain and Northern Ireland,4.5,478,OPERATIONAL,"https://www.google.com/maps/place/Onefam+Waterloo+Hostel+London/@51.4943196,-0.1143964,14z/data=!4m8!1m2!2m1!1sOnefam+Waterloo+Hostel+London!3m4!1s0x4876051ddaa0db91:0x56699eb9a0819151!8m2!3d51.4943196!4d-0.1143964",hostel London United Kingdom,,,,,true,B,Hostel,1-2,true,true,Independent hostel operator; Smaller scale accommodation business; Potential multi-property operator but appears mainly single site
ChIJrRdSNLobdkgRBqkbu5T4o_o,0x48761bba345217ad:0xfaa3f894bb1ba906,Argyle Square Hotel,Guest house,"Guest house, Hotel",https://www.argylesquarehotellondon.co.uk/,+44 20 7837 1418,"21-22 Argyle Square, London WC1H 8AS",London,WC1H 8AS,United Kingdom of Great Britain and Northern Ireland,3.4,317,OPERATIONAL,"https://www.google.com/maps/place/Argyle+Square+Hotel/@51.528900799999995,-0.121543,14z/data=!4m8!1m2!2m1!1sArgyle+Square+Hotel!3m4!1s0x48761bba345217ad:0xfaa3f894bb1ba906!8m2!3d51.528900799999995!4d-0.121543",guest house London United Kingdom,,,,,true,B,Guest house,1,true,true,Independent guest house operator; Operates accommodation as core business; Suitable property scale
ChIJ081Le-APdkgRvdoS0XepZhI,0x48760fe07b4bcdd3:0x1266a977d112dabd,23 Matheson Road,Guest house,Guest house,http://www.23mathesonroad.co.uk/,+44 20 7603 6350,"23 Matheson Rd, London W14 8SN",London,W14 8SN,United Kingdom of Great Britain and Northern Ireland,3.0,200,OPERATIONAL,"https://www.google.com/maps/place/23+Matheson+Road/@51.493421999999995,-0.2060446,14z/data=!4m8!1m2!2m1!1s23+Matheson+Road!3m4!1s0x48760fe07b4bcdd3:0x1266a977d112dabd!8m2!3d51.493421999999995!4d-0.2060446",guest house London United Kingdom,,,,,true,B,Guest House,1,true,true,Independent guest house operator matches accommodation management profile; Single property operation within 1-10 property target range; Direct accommodation operation as core business
ChIJkSQl0gYQdkgRTV8wB1bSfYQ,0x48761006d2252491:0x847dd25607305f4d,Torquay House (Royal Oak),Student Halls,"Student Halls, Youth hostel",https://lhalondon.com/properties/torquay-house/,+44 20 3911 5652,"1 Torquay St, London W2 5EJ",London,W2 5EJ,United Kingdom of Great Britain and Northern Ireland,4.5,177,OPERATIONAL,"https://www.google.com/maps/place/Torquay+House+%28Royal+Oak%29/@51.5201469,-0.1917394,14z/data=!4m8!1m2!2m1!1sTorquay+House+%28Royal+Oak%29!3m4!1s0x48761006d2252491:0x847dd25607305f4d!8m2!3d51.5201469!4d-0.1917394",student accommodation London United Kingdom; guest house London United Kingdom,,,,,true,B,Student Halls / Youth Hostel,unknown,true,false,Operates student halls and hostel accommodation which are target property types; Part of LHA London portfolio - appears to be small operator but scale/ownership structure unclear; Website suggests part of larger portfolio; independent operator status uncertain
ChIJG8fJsl8FdkgRUtnCDct1xWQ,0x4876055fb2c9c71b:0x64c575cb0dc2d952,Belvedere House (Gloucester Road),Student Halls,"Student Halls, Hostel",https://lhalondon.com/properties/belvedere-house/,+44 20 3911 5641,"6 Grenville Pl, London SW7 4RT",London,SW7 4RT,United Kingdom of Great Britain and Northern Ireland,4.2,150,OPERATIONAL,"https://www.google.com/maps/place/Belvedere+House+%28Gloucester+Road%29/@51.4956452,-0.1852237,14z/data=!4m8!1m2!2m1!1sBelvedere+House+%28Gloucester+Road%29!3m4!1s0x4876055fb2c9c71b:0x64c575cb0dc2d952!8m2!3d51.4956452!4d-0.1852237",student accommodation London United Kingdom,,,,,true,B,Student Halls / Hostel,unknown,true,false,Operates student halls and hostel - relevant accommodation types; Part of LHA London portfolio suggesting small operator status; Scale and full ownership structure unclear from available data
ChIJHbZXUZ0ddkgRg-AWaVyBgTg,0x48761d9d5157b61d:0x3881815c6916e083,Co-Lux Living,Property management company,Property management company,,+44 20 8004 5552,,London,EC1V 2NX,United Kingdom of Great Britain and Northern Ireland,4.7,121,OPERATIONAL,"https://www.google.com/maps/place/Co-Lux+Living/@51.527238499999996,-0.0886732,14z/data=!4m8!1m2!2m1!1sCo-Lux+Living!3m4!1s0x48761d9d5157b61d:0x3881815c6916e083!8m2!3d51.527238499999996!4d-0.0886732",co-living London United Kingdom,,,,,true,B,Co-living,unknown,true,false,Property management company operating co-living accommodation; Scale and number of properties unknown; May manage multiple independent properties
ChIJ2bn40-UPdkgRmmIM0lw7cl0,0x48760fe5d3f8b9d9:0x5d723b5cd20c629a,The Lost Poet,Guest house,"Guest house, Hotel",http://www.thelostpoet.co.uk/,+44 20 3915 5519,"6 Portobello Rd, London W11 3DG",London,W11 3DG,United Kingdom of Great Britain and Northern Ireland,4.9,121,OPERATIONAL,"https://www.google.com/maps/place/The+Lost+Poet/@51.511117,-0.1981577,14z/data=!4m8!1m2!2m1!1sThe+Lost+Poet!3m4!1s0x48760fe5d3f8b9d9:0x5d723b5cd20c629a!8m2!3d51.511117!4d-0.1981577",guest house London United Kingdom,,,,,true,B,Guest house / Hotel,1,true,true,"Independent guest house operator managing accommodation directly; Single property guest house fits ideal customer profile; Operates accommodation as core business, not incidental service"
ChIJvQlDbVcbdkgRvhdmsup7LaA,0x48761b576d4309bd:0xa02d7beab26617be,The Finsbury Guesthouse,Guest house,Guest house,https://finsburypark-gh.co.uk/,+44 20 7846 5277,"89 Blackstock Rd, Finsbury Park, London N4 2JW",London,N4 2JW,United Kingdom of Great Britain and Northern Ireland,4.4,104,OPERATIONAL,"https://www.google.com/maps/place/The+Finsbury+Guesthouse/@51.5625469,-0.1006931,14z/data=!4m8!1m2!2m1!1sThe+Finsbury+Guesthouse!3m4!1s0x48761b576d4309bd:0xa02d7beab26617be!8m2!3d51.5625469!4d-0.1006931",guest house London United Kingdom,,,,,true,B,Guest house,1,true,true,Independent guest house operator managing single property directly; Small-scale accommodation business fits ideal customer profile; Operates accommodation as primary business activity
ChIJsUY3aUcbdkgRk6KletAtaug,0x48761b47693746b1:0xe86a2dd07aa5a293,Budget Guest House,Guest house,"Guest house, Bed & breakfast",http://www.budgetguesthouse.co.uk/,+44 20 7837 2830,"23 Swinton St, London WC1X 9NL",London,WC1X 9NL,United Kingdom of Great Britain and Northern Ireland,2.0,88,OPERATIONAL,"https://www.google.com/maps/place/Budget+Guest+House/@51.5290581,-0.11682949999999999,14z/data=!4m8!1m2!2m1!1sBudget+Guest+House!3m4!1s0x48761b47693746b1:0xe86a2dd07aa5a293!8m2!3d51.5290581!4d-0.11682949999999999",guest house London United Kingdom,,,,,true,B,Guest House,1,true,true,Small independent guest house operation; Operates single location; Low rating suggests may benefit from PulseHub tools
ChIJ2USLDN0EdkgRzodnzTVUHI8,0x487604dd0c8b44d9:0x8f1c5435cd6787ce,Louise House,Student Halls,"Student Halls, Hostel, Public housing",https://louisehouse.co.uk/,+44 7985 103914,"33 Medway St, London SW1P 2BE",London,SW1P 2BE,United Kingdom of Great Britain and Northern Ireland,3.6,87,OPERATIONAL,"https://www.google.com/maps/place/Louise+House/@51.4953408,-0.1316273,14z/data=!4m8!1m2!2m1!1sLouise+House!3m4!1s0x487604dd0c8b44d9:0x8f1c5435cd6787ce!8m2!3d51.4953408!4d-0.1316273",student accommodation London United Kingdom; co-living London United Kingdom,,,,,true,B,Student Accommodation/Hostel/Co-living,unknown,true,true,Small operator with mixed accommodation types; Independent operation suggested by contact details; Could be ideal scale for PulseHub
ChIJP4pYsAkFdkgRKrmRhqxjWeM,0x48760509b0588a3f:0xe35963ac8691b92a,"The Lark, Nine Elms",Furnished apartment building,Furnished apartment building,http://www.thelarknineelms.com/,+44 300 124 5527,"5 Moat St, Nine Elms, London SW11 7EA",London,SW11 7EA,United Kingdom of Great Britain and Northern Ireland,4.4,62,OPERATIONAL,"https://www.google.com/maps/place/The+Lark%2C+Nine+Elms/@51.480480299999996,-0.1368179,14z/data=!4m8!1m2!2m1!1sThe+Lark%2C+Nine+Elms!3m4!1s0x48760509b0588a3f:0xe35963ac8691b92a!8m2!3d51.480480299999996!4d-0.1368179",co-living London United Kingdom,,,,,true,B,Co-living/Furnished Apartments,1,true,true,Appears to be managed rental/co-living operation; Single building property; Could fit co-living accommodation profile
ChIJLf2UEkwFdkgRtGq9mTN__ys,0x4876054c1294fd2d:0x2bff7f3399bd6ab4,Lyvly,Property management company,Property management company,,+44 20 3868 7423,"York House, 221 Pentonville Road, London N1 9UZ, London EC1M 6HA",London,EC1M 6HA,United Kingdom of Great Britain and Northern Ireland,3.8,51,OPERATIONAL,"https://www.google.com/maps/place/Lyvly/@51.5308564,-0.11728039999999999,14z/data=!4m8!1m2!2m1!1sLyvly!3m4!1s0x4876054c1294fd2d:0x2bff7f3399bd6ab4!8m2!3d51.5308564!4d-0.11728039999999999",co-living London United Kingdom,,,,,true,B,Co-living/Mixed,unknown,true,false,Property management company in co-living sector; Scale and property count not established; Potentially manages multiple properties
ChIJh4whjggFdkgRGcm47GsqT5I,0x487605088e218c87:0x924f2a6becb8c919,My Property Group,Property management company,Property management company,,+44 7457 411594,,London,SW1V 1EJ,United Kingdom of Great Britain and Northern Ireland,5.0,31,OPERATIONAL,"https://www.google.com/maps/place/My+Property+Group/@51.4939119,-0.1407464,14z/data=!4m8!1m2!2m1!1sMy+Property+Group!3m4!1s0x487605088e218c87:0x924f2a6becb8c919!8m2!3d51.4939119!4d-0.1407464",HMO London United Kingdom,,,,,true,B,unknown,unknown,true,true,Property management company likely operates accommodation; Insufficient detail on property count and types managed
ChIJG5CFzsIEdkgRaS3u_zepPDY,0x487604c2ce85901b:0x363ca937ffee2d69,Romney House,Apartment building,Apartment building,,,"423, Romney House, 47 Marsham St, London SW1P 3DR",London,SW1P 3DR,United Kingdom of Great Britain and Northern Ireland,4.0,11,OPERATIONAL,"https://www.google.com/maps/place/Romney+House/@51.49586,-0.12898869999999998,14z/data=!4m8!1m2!2m1!1sRomney+House!3m4!1s0x487604c2ce85901b:0x363ca937ffee2d69!8m2!3d51.49586!4d-0.12898869999999998",HMO London United Kingdom,,,,,true,B,Apartment building,unknown,true,true,Apartment building suggests accommodation operation; Insufficient data on management structure and property count
ChIJ_SnMOu4ddkgRj1nHhdk_5Ts,0x48761dee3acc29fd:0x3be53fd985c7598f,Covenant Living Limited,Short term apartment rental agency,Short term apartment rental agency,,+44 7541 501677,,London,EC2A 4NE,United Kingdom of Great Britain and Northern Ireland,5.0,10,OPERATIONAL,"https://www.google.com/maps/place/Covenant+Living+Limited/@51.525622399999996,-0.0836253,14z/data=!4m8!1m2!2m1!1sCovenant+Living+Limited!3m4!1s0x48761dee3acc29fd:0x3be53fd985c7598f!8m2!3d51.525622399999996!4d-0.0836253",co-living London United Kingdom,,,,,true,B,Short-term rental accommodation,unknown,true,true,Short-term rental agency indicates accommodation management; Property count and ownership structure unclear
ChIJhdcOBKcWdkgRavROhDAZdhI,0x487616a7040ed785:0x12761930844ef46a,Spacious Brand New Large Studio London Apartment By UK HMO 105,Apartment,"Apartment, Vacation rental",https://br.bluepillow.com/search/648620c07f7e24c1923122ad%3Fdest%3Dbkng%26cat%3DApartment%26lat%3D51.61237%26lng%3D-0.28077%26language%3Dpt,,Edgware HA8 7EL,Edgware,HA8 7EL,United Kingdom of Great Britain and Northern Ireland,3.7,8,OPERATIONAL,"https://www.google.com/maps/place/Spacious+Brand+New+Large+Studio+London+Apartment+By+UK+HMO+105/@51.6123695,-0.28076999999999996,14z/data=!4m8!1m2!2m1!1sSpacious+Brand+New+Large+Studio+London+Apartment+By+UK+HMO+105!3m4!1s0x487616a7040ed785:0x12761930844ef46a!8m2!3d51.6123695!4d-0.28076999999999996",HMO London United Kingdom,,,,,true,B,HMO/Vacation Rental,1,true,true,Appears to operate at least one HMO property; Independent operator managing accommodation; Limited evidence of scale or portfolio beyond single listing
ChIJ2bBQ6ZEFdkgRazF0YgTT_Zc,0x48760591e950b0d9:0x97fdd3046274316b,Kosy Living Limited,Property management company,"Property management company, Property Developer",http://www.kosyliving.co.uk/,+44 20 3992 8898,"12 Hay Hill, London W1J 8NR",London,W1J 8NR,United Kingdom of Great Britain and Northern Ireland,3.3,7,OPERATIONAL,"https://www.google.com/maps/place/Kosy+Living+Limited/@51.509211799999996,-0.1438323,14z/data=!4m8!1m2!2m1!1sKosy+Living+Limited!3m4!1s0x48760591e950b0d9:0x97fdd3046274316b!8m2!3d51.509211799999996!4d-0.1438323",co-living London United Kingdom,,,,,true,B,Co-living,unknown,true,true,Property management company specializing in co-living; Operates accommodation properties in London; Scale of portfolio unclear from available information
ChIJWQeubqoDdkgRUndblscKsM8,0x487603aa6eae0759:0xcfb00ac7965b7752,Folk Co-living,Housing Development,Housing Development,,+44 20 7078 7062,,London,EC2N 1AR,United Kingdom of Great Britain and Northern Ireland,3.5,6,OPERATIONAL,"https://www.google.com/maps/place/Folk+Co-living/@51.5147603,-0.0859606,14z/data=!4m8!1m2!2m1!1sFolk+Co-living!3m4!1s0x487603aa6eae0759:0xcfb00ac7965b7752!8m2!3d51.5147603!4d-0.0859606",co-living London United Kingdom,,,,,true,B,Co-living,unknown,true,true,"Co-living housing developer - accommodation focused; Development-stage company, operational management scope unclear"
ChIJkeytzjkbdkgRPXdRHT4HlG8,0x48761b39ceadec91:0x6f94073e1d51773d,Cornwall House,Flat Complex,Flat Complex,,,"7 Allsop Pl, London NW1 5BF",London,NW1 5BF,United Kingdom of Great Britain and Northern Ireland,4.8,4,OPERATIONAL,"https://www.google.com/maps/place/Cornwall+House/@51.523249899999996,-0.15624,14z/data=!4m8!1m2!2m1!1sCornwall+House!3m4!1s0x48761b39ceadec91:0x6f94073e1d51773d!8m2!3d51.523249899999996!4d-0.15624",HMO London United Kingdom,,,,,true,B,Flat complex,unknown,true,true,Flat complex suggests multi-unit accommodation operation; Limited review data and operational detail available
ChIJ4aqsLbAadkgRQqV3dLWzLEA,0x48761ab02dacaae1:0x402cb3b57477a542,Heywood House,Housing complex,Housing complex,,,,London,W2 1NG,United Kingdom of Great Britain and Northern Ireland,4.7,3,OPERATIONAL,"https://www.google.com/maps/place/Heywood+House/@51.523174999999995,-0.1755623,14z/data=!4m8!1m2!2m1!1sHeywood+House!3m4!1s0x48761ab02dacaae1:0x402cb3b57477a542!8m2!3d51.523174999999995!4d-0.1755623",HMO London United Kingdom,,,,,true,B,HMO/shared accommodation,unknown,true,false,Housing complex in London postcode W2 with decent rating (4.7); Limited contact information and no website suggests small operator; Insufficient evidence of active management operations
ChIJmTwxpAYFdkgR5v53GNXvv_w,0x48760506a4313c99:0xfcbfefd51877fee6,Holmby House,Apartment building,Apartment building,,,"2 Prospect Wy, Nine Elms, London SW11 8DJ",London,SW11 8DJ,United Kingdom of Great Britain and Northern Ireland,3.7,3,OPERATIONAL,"https://www.google.com/maps/place/Holmby+House/@51.480575099999996,-0.14402099999999998,14z/data=!4m8!1m2!2m1!1sHolmby+House!3m4!1s0x48760506a4313c99:0xfcbfefd51877fee6!8m2!3d51.480575099999996!4d-0.14402099999999998",HMO London United Kingdom,,,,,true,B,apartment building/HMO,unknown,true,false,"Apartment building in Nine Elms, London with active location; Limited review data and no contact information; Unclear if actively managed as accommodation business"
ChIJz_tjel4TdkgRBa98LjHvhmI,0x4876135e7a63fbcf:0x6286ef312e7caf05,HMO Management London,Property management company,Property management company,https://www.hmomanagement.agency/,+44 20 3488 7319,"Ealing Rd, Wembley HA0 4PZ",Wembley,HA0 4PZ,United Kingdom of Great Britain and Northern Ireland,,,OPERATIONAL,"https://www.google.com/maps/place/HMO+Management+London/@51.5394553,-0.2995963,14z/data=!4m8!1m2!2m1!1sHMO+Management+London!3m4!1s0x4876135e7a63fbcf:0x6286ef312e7caf05!8m2!3d51.5394553!4d-0.2995963",HMO London United Kingdom,,,,,true,B,HMO,unknown,true,true,"Operates HMO properties which matches ideal customer profile; Property count unknown, scale uncertain; Management company suggests active operations"
ChIJoexDS1cbdkgR_O4sqYQqjKE,0x48761b574b43eca1:0xa18c2a84a92ceefc,HMOhub,Property management company,Property management company,https://www.hmohub.co.uk/contact/,+44 20 3970 4112,"Goswell Rd., Greater, London EC1V 7EN",London,EC1V 7EN,United Kingdom of Great Britain and Northern Ireland,,,OPERATIONAL,"https://www.google.com/maps/place/HMOhub/@51.5243538,-0.0998879,14z/data=!4m8!1m2!2m1!1sHMOhub!3m4!1s0x48761b574b43eca1:0xa18c2a84a92ceefc!8m2!3d51.5243538!4d-0.0998879",HMO London United Kingdom,,,,,true,B,HMO,unknown,true,true,HMO property management company with operational focus; Property count and specific operations unknown; Potentially relevant but limited evidence of scale
ChIJNQvoCqYcdkgRSmd4beSGG1c,0x48761ca60ae80b35:0x571b86e46d78674a,TS HMO Management,Property management company,Property management company,http://ts-hmo-management.com/,+44 7938 038187,"124, 128 City Rd, London EC1V 2NX",London,EC1V 2NX,United Kingdom of Great Britain and Northern Ireland,,,OPERATIONAL,"https://www.google.com/maps/place/TS+HMO+Management/@51.5267154,-0.08822959999999999,14z/data=!4m8!1m2!2m1!1sTS+HMO+Management!3m4!1s0x48761ca60ae80b35:0x571b86e46d78674a!8m2!3d51.5267154!4d-0.08822959999999999",HMO London United Kingdom,,,,,true,B,HMO,unknown,true,true,HMO management company with operational focus; Limited public information on property count and scale; Appears to be active small operator
ChIJuX6eYSkbdkgRrvSnsCuOQ-M,0x48761b29619e7eb9:0xe3438e2bb0a7f4ae,Co-Living Group,Serviced accommodation,Serviced accommodation,http://co-living.group/,,"83 Charlotte St., London W1T 4PR",London,W1T 4PR,United Kingdom of Great Britain and Northern Ireland,,,OPERATIONAL,"https://www.google.com/maps/place/Co-Living+Group/@51.520339799999995,-0.1368791,14z/data=!4m8!1m2!2m1!1sCo-Living+Group!3m4!1s0x48761b29619e7eb9:0xe3438e2bb0a7f4ae!8m2!3d51.520339799999995!4d-0.1368791",co-living London United Kingdom,,,,,true,B,Co-living,unknown,true,true,Co-living operator matches accommodation types served by PulseHub; Property count and operational scale unknown; Relevant accommodation type but limited evidence of operations
ChIJq4BAKM0Pa0gRImfnKYwCBgA,0x486b0fcd284080ab:0x6028c29e76722,St Christopher's London Bridge - The Village,Hostel,"Hostel, Hotel",https://www.st-christophers.co.uk/london/london-bridge-hostel,+44 20 7939 9700,"161-165, 165 Borough High St, London SE1 1HR",London,SE1 1HR,United Kingdom of Great Britain and Northern Ireland,3.9,3370,OPERATIONAL,"https://www.google.com/maps/place/St+Christopher%27s+London+Bridge+-+The+Village/@51.502891299999995,-0.0917312,14z/data=!4m8!1m2!2m1!1sSt+Christopher%27s+London+Bridge+-+The+Village!3m4!1s0x486b0fcd284080ab:0x6028c29e76722!8m2!3d51.502891299999995!4d-0.0917312",hostel London United Kingdom,,,,,true,C,Hostel,unknown,false,false,"St Christopher's is a multi-location hostel chain; Large institutional operator, not independent; Outside target customer profile for founder-led outreach"
ChIJQXVD5J4EdkgRTIGVbaezrEM,0x4876049ee4437541:0x43acb3a76d95814c,Safestay London Elephant & Castle,Hostel,"Hostel, Hotel",https://www.safestay.com/venue/safestay-london-elephant-castle/,+44 20 7703 8000,"144-152 Walworth Rd, Elephant and Castle, London SE17 1JL",London,SE17 1JL,United Kingdom of Great Britain and Northern Ireland,3.7,3244,OPERATIONAL,"https://www.google.com/maps/place/Safestay+London+Elephant+%26+Castle/@51.4907586,-0.0976093,14z/data=!4m8!1m2!2m1!1sSafestay+London+Elephant+%26+Castle!3m4!1s0x4876049ee4437541:0x43acb3a76d95814c!8m2!3d51.4907586!4d-0.0976093",hostel London United Kingdom,,,,,true,C,Hostel,unknown,false,false,"Safestay operates multiple hostel locations across UK; Chain operator, not independent; Institutional scale makes poor fit for PulseHub"
ChIJVeyTu-8PdkgRQqPn_G5aBzM,0x48760fefbb93ec55:0x33075a6efce7a342,Safestay London Kensington Holland Park,Hostel,"Hostel, Hotel, Youth hostel",https://www.safestay.com/venue/safestay-london-kensington-holland-park/,+44 20 7870 9629,"Holland Park Ave, Holland Walk, London W8 7QU",London,W8 7QU,United Kingdom of Great Britain and Northern Ireland,3.5,2378,OPERATIONAL,"https://www.google.com/maps/place/Safestay+London+Kensington+Holland+Park/@51.5026632,-0.20140539999999998,14z/data=!4m8!1m2!2m1!1sSafestay+London+Kensington+Holland+Park!3m4!1s0x48760fefbb93ec55:0x33075a6efce7a342!8m2!3d51.5026632!4d-0.20140539999999998",hostel London United Kingdom,,,,,true,C,Hostel,unknown,false,false,Safestay chain operator with multiple locations; Institutional scale; Poor fit for independent operator focus
ChIJhfLIHCUbdkgReJ4B8pWAbW0,0x48761b251cc8f285:0x6d6d8095f2019e78,Travelodge London Central Euston,Hotel,Hotel,https://www.travelodge.co.uk/hotels/344/london-central-euston-hotel%3Futm_source%3Dgoogle%26utm_medium%3DGHA_Organic%26utm_campaign%3DGHA_London%2520Central%2520Euston%26WT.tsrc%3DGHA_Organic,,"1-11 Grafton Pl, London NW1 1DJ",London,NW1 1DJ,United Kingdom of Great Britain and Northern Ireland,3.6,1964,OPERATIONAL,"https://www.google.com/maps/place/Travelodge+London+Central+Euston/@51.528113999999995,-0.1313064,14z/data=!4m8!1m2!2m1!1sTravelodge+London+Central+Euston!3m4!1s0x48761b251cc8f285:0x6d6d8095f2019e78!8m2!3d51.528113999999995!4d-0.1313064",guest house London United Kingdom,,,,,false,C,Hotel,unknown,false,false,Travelodge is large national chain; Institutional corporate operator; Outside PulseHub target market entirely
ChIJKcLmdNYadkgR6-u569TK_xc,0x48761ad674e6c229:0x17ffcad4ebb9ebeb,YHA London Central Hostel,Hostel,"Hostel, Cafe, Charity, Coffee shop, Pizza restaurant, Youth hostel",https://www.yha.org.uk/hostel/yha-london-central%3Futm_source%3Dgoogle%26utm_medium%3Dmaps%26utm_campaign%3Dgoogle-places,+44 345 371 9154,"104 Bolsover St, London W1W 5NU",London,W1W 5NU,United Kingdom of Great Britain and Northern Ireland,4.2,1776,OPERATIONAL,"https://www.google.com/maps/place/YHA+London+Central+Hostel/@51.520545899999995,-0.1423498,14z/data=!4m8!1m2!2m1!1sYHA+London+Central+Hostel!3m4!1s0x48761ad674e6c229:0x17ffcad4ebb9ebeb!8m2!3d51.520545899999995!4d-0.1423498",hostel London United Kingdom,,,,,false,C,Hostel,unknown,false,false,YHA is a registered charity and public institution; Not independent accommodation operator; Explicitly excluded from PulseHub ideal customer profile
ChIJAVmJqxIcdkgR6wIqK2GotHY,0x48761c12ab895901:0x76b4a8612b2a02eb,The Woodberry Tavern,Pub,"Pub, Bar, Hostel, Sports bar",,,"618 Seven Sisters Rd, London N15 6JH",London,N15 6JH,United Kingdom of Great Britain and Northern Ireland,3.6,1034,OPERATIONAL,"https://www.google.com/maps/place/The+Woodberry+Tavern/@51.578376899999995,-0.0819207,14z/data=!4m8!1m2!2m1!1sThe+Woodberry+Tavern!3m4!1s0x48761c12ab895901:0x76b4a8612b2a02eb!8m2!3d51.578376899999995!4d-0.0819207",hostel London United Kingdom,,,,,false,C,Pub,unknown,false,false,"Primary business is pub/bar operations, not accommodation management; Accommodation is incidental to core business"
ChIJq3Wi6IoPdkgRJjnVvwxI95E,0x48760f8ae8a275ab:0x91f7480cbfd53926,YHA London Earl's Court Hostel,Hostel,"Hostel, Charity, Group accommodation, Indoor accommodation, Youth hostel",,+44 345 371 9114,,London,SW5 0AQ,United Kingdom of Great Britain and Northern Ireland,4.4,953,OPERATIONAL,"https://www.google.com/maps/place/YHA+London+Earl%27s+Court+Hostel/@51.490290699999996,-0.1894831,14z/data=!4m8!1m2!2m1!1sYHA+London+Earl%27s+Court+Hostel!3m4!1s0x48760f8ae8a275ab:0x91f7480cbfd53926!8m2!3d51.490290699999996!4d-0.1894831",hostel London United Kingdom,,,,,false,C,Hostel,unknown,false,false,"YHA is a charity organization, not independent operator; Institutional operator outside ideal customer scope"
ChIJuWbEmqwEdkgRyp4ScypbAjU,0x487604ac9ac466b9:0x35025b2a73129eca,YHA London St Paul's Hostel,Hostel,"Hostel, Charity, Group accommodation, Youth hostel",https://www.yha.org.uk/hostel/yha-london-st-pauls%3Futm_source%3Dgoogle%26utm_medium%3Dmaps%26utm_campaign%3Dgoogle-places,+44 345 371 9012,"36 Carter Ln, London EC4V 5AB",London,EC4V 5AB,United Kingdom of Great Britain and Northern Ireland,4.0,919,OPERATIONAL,"https://www.google.com/maps/place/YHA+London+St+Paul%27s+Hostel/@51.5131386,-0.10036679999999999,14z/data=!4m8!1m2!2m1!1sYHA+London+St+Paul%27s+Hostel!3m4!1s0x487604ac9ac466b9:0x35025b2a73129eca!8m2!3d51.5131386!4d-0.10036679999999999",hostel London United Kingdom,,,,,false,C,Hostel,unknown,false,false,"YHA is a registered charity organization, not independent operator; Charity/public institution falls outside ideal customer profile; Not a commercial independent accommodation operator"
ChIJxxQOldwPdkgRBeyzhh1OKDw,0x48760fdc950e14c7:0x3c284e1d86b3ec05,Student Cribs,Student Accommodation Centre,"Student Accommodation Centre, Property management company, Property Rental Agency",http://www.student-cribs.com/,+44 20 3758 7000,"33 Cavendish Square, Margaret St, London W1G 0PW",London,W1G 0PW,United Kingdom of Great Britain and Northern Ireland,4.3,827,OPERATIONAL,"https://www.google.com/maps/place/Student+Cribs/@51.5155015,-0.14422659999999998,14z/data=!4m8!1m2!2m1!1sStudent+Cribs!3m4!1s0x48760fdc950e14c7:0x3c284e1d86b3ec05!8m2!3d51.5155015!4d-0.14422659999999998",student accommodation London United Kingdom,,,,,false,C,Student Accommodation,unknown,false,false,"Categorized as Property management company and rental agency, not direct operator; Acts as intermediary/consultant rather than operating accommodation themselves; Does not fit core accommodation operator profile"
ChIJPSLhVz8bdkgRYO5iZOgJE-M,0x48761b3f57e1223d:0xe31309e86462ee60,Chapter Kings Cross,Student Halls,Student Halls,https://www.chapter-living.com/properties/kings-cross/,+44 20 3675 9200,"200 Pentonville Rd, London N1 9JP",London,N1 9JP,United Kingdom of Great Britain and Northern Ireland,3.9,811,OPERATIONAL,"https://www.google.com/maps/place/Chapter+Kings+Cross/@51.531330399999995,-0.11740669999999999,14z/data=!4m8!1m2!2m1!1sChapter+Kings+Cross!3m4!1s0x48761b3f57e1223d:0xe31309e86462ee60!8m2!3d51.531330399999995!4d-0.11740669999999999",co-living London United Kingdom,,,,,false,C,Student Halls,unknown,false,false,Chapter is a large institutional PBSA operator; Operates multiple halls across major cities; Scale and corporate structure unsuitable for PulseHub target market
ChIJ5Z-f06UcdkgRQUwCPSIq3gk,0x48761ca5d39f9fe5:0x9de2a223d024c41,Shoreditch - iQ Student Accommodation London,Student Halls,Student Halls,,+44 20 7952 2180,,London,N1 6AT,United Kingdom of Great Britain and Northern Ireland,4.2,668,OPERATIONAL,"https://www.google.com/maps/place/Shoreditch+-+iQ+Student+Accommodation+London/@51.527618399999994,-0.0877662,14z/data=!4m8!1m2!2m1!1sShoreditch+-+iQ+Student+Accommodation+London!3m4!1s0x48761ca5d39f9fe5:0x9de2a223d024c41!8m2!3d51.527618399999994!4d-0.0877662",student accommodation London United Kingdom,,,,,false,C,Student Halls,unknown,false,false,"iQ is institutional PBSA operator, not independent; Large chain operator outside ideal customer scope"
ChIJkUQcJZ0PdkgRgAojSqSIOnw,0x48760f9d251c4491:0x7c3a88a44a230a80,London Shared,Property management company,"Property management company, Property Consultant, Property Rental Agency",http://www.londonshared.co.uk/,+44 20 7610 9004,"10 Enterprise Way, London SW18 1FZ",London,SW18 1FZ,United Kingdom of Great Britain and Northern Ireland,4.7,667,OPERATIONAL,"https://www.google.com/maps/place/London+Shared/@51.461218699999996,-0.1953874,14z/data=!4m8!1m2!2m1!1sLondon+Shared!3m4!1s0x48760f9d251c4491:0x7c3a88a44a230a80!8m2!3d51.461218699999996!4d-0.1953874",HMO London United Kingdom,,,,,false,C,Property Management,unknown,false,false,Explicitly categorized as property management company and consultant; Does not operate accommodation directly; Service provider model does not fit ideal customer requirement
ChIJB66gCNcadkgRA98DCdXWw1Q,0x48761ad708a0ae07:0x54c3d6d50903df03,International Students House,Student Accommodation Centre,"Student Accommodation Centre, Bar, Coffee shop, Events Venue, Hostel, Student Halls, Student union",http://www.ish.org.uk/,+44 20 7631 8300,"229 Great Portland St, London W1W 5PN",London,W1W 5PN,United Kingdom of Great Britain and Northern Ireland,4.1,602,OPERATIONAL,"https://www.google.com/maps/place/International+Students+House/@51.523628599999995,-0.144649,14z/data=!4m8!1m2!2m1!1sInternational+Students+House!3m4!1s0x48761ad708a0ae07:0x54c3d6d50903df03!8m2!3d51.523628599999995!4d-0.144649",student accommodation London United Kingdom,,,,,false,C,Student Accommodation Centre,1,false,false,Charity/non-profit organisation (ISH is registered charity); Student union characteristics; Not a commercial accommodation operator
ChIJiT7MQ1cbdkgR-Af5VKI_I1c,0x48761b5743cc3e89:0x57233fa254f907f8,City - iQ Student Accommodation London,Student Halls,Student Halls,,+44 20 8912 5040,,London,EC1V 3AQ,United Kingdom of Great Britain and Northern Ireland,3.5,589,OPERATIONAL,"https://www.google.com/maps/place/City+-+iQ+Student+Accommodation+London/@51.5247709,-0.09823319999999999,14z/data=!4m8!1m2!2m1!1sCity+-+iQ+Student+Accommodation+London!3m4!1s0x48761b5743cc3e89:0x57233fa254f907f8!8m2!3d51.5247709!4d-0.09823319999999999",student accommodation London United Kingdom,,,,,false,C,Student Halls,unknown,false,false,"iQ is institutional PBSA operator, not independent; Large chain operator outside ideal customer scope"
ChIJc6IoVx4FdkgR-302Jiv1ZxQ,0x4876051e5728a273:0x1467f52b26367dfb,"OYO Townhouse New England, London Victoria",Guest house,"Guest house, Bed & breakfast, Extended stay hotel, Hotel, Inn, Lodge, Lodging, Love hotel, Motel",https://www.oyorooms.com/GB/47034/%3Futm_source%3DGMB_GB%26utm_medium%3DOrganic%26utm_campaign%3DEN_LDN006%26latitude%3D51.4907979%26longitude%3D-0.1458557%26locale%3Den,+44 20 3769 3256,"20 St George's Dr, Pimlico, London SW1V 4BN",London,SW1V 4BN,United Kingdom of Great Britain and Northern Ireland,3.3,559,OPERATIONAL,"https://www.google.com/maps/place/OYO+Townhouse+New+England%2C+London+Victoria/@51.4909648,-0.1437599,14z/data=!4m8!1m2!2m1!1sOYO+Townhouse+New+England%2C+London+Victoria!3m4!1s0x4876051e5728a273:0x1467f52b26367dfb!8m2!3d51.4909648!4d-0.1437599",guest house London United Kingdom,,,,,false,C,Hotel,unknown,false,false,OYO is large international chain; Corporate-operated property; Not independent operator
ChIJGYtZssQPdkgRV5l4nJ8QCgs,0x48760fc4b2598b19:0xb0a109f9c789957,St Christopher's Shepherds Bush,Hostel,"Hostel, Hotel",https://www.st-christophers.co.uk/london/shepherds-bush-hostel,+44 20 8735 0270,"13-15 Shepherd's Bush Grn, London W12 8PH",London,W12 8PH,United Kingdom of Great Britain and Northern Ireland,3.6,552,OPERATIONAL,"https://www.google.com/maps/place/St+Christopher%27s+Shepherds+Bush/@51.504138,-0.218141,14z/data=!4m8!1m2!2m1!1sSt+Christopher%27s+Shepherds+Bush!3m4!1s0x48760fc4b2598b19:0xb0a109f9c789957!8m2!3d51.504138!4d-0.218141",hostel London United Kingdom,,,,,false,C,Hostel,unknown,false,false,St Christopher's is large multi-site chain; Multiple locations across London; Not independent operator
ChIJ6fywMv0bdkgRJkj-R1l6uRw,0x48761bfd32b0fce9:0x1cb97a5947fe4826,Scape Bloomsbury,Student Halls,Student Halls,https://www.scape.com/student-accommodation-bloomsbury/%3Futm_source%3DGMBlisting%26utm_medium%3Dorganic%26utm_campaign%3Dbloomsbury,+44 20 3862 1880,"19-29 Woburn Pl, London WC1H 0AQ",London,WC1H 0AQ,United Kingdom of Great Britain and Northern Ireland,4.7,532,OPERATIONAL,"https://www.google.com/maps/place/Scape+Bloomsbury/@51.524400799999995,-0.1272796,14z/data=!4m8!1m2!2m1!1sScape+Bloomsbury!3m4!1s0x48761bfd32b0fce9:0x1cb97a5947fe4826!8m2!3d51.524400799999995!4d-0.1272796",student accommodation London United Kingdom,,,,,false,C,Student Halls,unknown,false,false,Scape is large institutional PBSA operator; Multi-site student accommodation company; Corporate chain not independent operator
ChIJ6RHIoMUDdkgR75ZjyGRqNu4,0x487603c5a0c811e9:0xee366a64c86396ef,St Christopher's Inn London Bridge - The Inn,Hostel,"Hostel, Hotel",https://www.st-christophers.co.uk/london/london-bridge-inn-hostel,+44 20 7407 2392,"121 Borough High St, London SE1 1NP",London,SE1 1NP,United Kingdom of Great Britain and Northern Ireland,3.7,529,OPERATIONAL,"https://www.google.com/maps/place/St+Christopher%27s+Inn+London+Bridge+-+The+Inn/@51.503681099999994,-0.0910131,14z/data=!4m8!1m2!2m1!1sSt+Christopher%27s+Inn+London+Bridge+-+The+Inn!3m4!1s0x487603c5a0c811e9:0xee366a64c86396ef!8m2!3d51.503681099999994!4d-0.0910131",hostel London United Kingdom,,,,,false,C,Hostel,unknown,false,false,St Christopher's is large multi-site chain; Multiple London locations; Not independent operator
ChIJLcWYodUEdkgRI2uKZoO_VSk,0x487604d5a198c52d:0x2955bf83668a6b23,Londonist DMC Student Accommodation,Student Accommodation Centre,"Student Accommodation Centre, Student Halls",https://londonist.co.uk/,+44 20 7287 1912,"5 Great James St, London WC1N 3DB",London,WC1N 3DB,United Kingdom of Great Britain and Northern Ireland,3.5,498,OPERATIONAL,"https://www.google.com/maps/place/Londonist+DMC+Student+Accommodation/@51.521069,-0.11649699999999999,14z/data=!4m8!1m2!2m1!1sLondonist+DMC+Student+Accommodation!3m4!1s0x487604d5a198c52d:0x2955bf83668a6b23!8m2!3d51.521069!4d-0.11649699999999999",student accommodation London United Kingdom,,,,,false,C,Student Accommodation Centre,unknown,false,false,Student accommodation distributor/agent model; Not direct accommodation operator; DMC indicates property management/consulting service
ChIJZdC_n5mewoARFitKzd5UDm8,0x80c29e999fbfd065:0x6f0e54decd4a2b16,Chapter Islington,Student Halls,Student Halls,https://www.chapter-living.com/properties/islington/,+44 20 7607 9410,"32-34 Market Rd, London N7 9AW",London,N7 9AW,United Kingdom of Great Britain and Northern Ireland,3.9,481,OPERATIONAL,"https://www.google.com/maps/place/Chapter+Islington/@51.5468293,-0.12056099999999999,14z/data=!4m8!1m2!2m1!1sChapter+Islington!3m4!1s0x80c29e999fbfd065:0x6f0e54decd4a2b16!8m2!3d51.5468293!4d-0.12056099999999999",co-living London United Kingdom,,,,,false,C,Student Halls,unknown,false,false,Chapter Living is large multi-site co-living operator; Institutional scale student accommodation company; Corporate chain not independent
ChIJq7BznKkbdkgREJBcH_B9BKc,0x48761ba99c73b0ab:0xa7047df01f5c9010,Tufnell House - iQ Student Accommodation London,Student Halls,Student Halls,https://www.iqstudentaccommodation.com/london/tufnell-house%3Futm_source%3Dgoogle%26utm_medium%3Dreview%26utm_campaign%3Dlondon_and_south_london_tufnell_house_google_listing_website_backlink%26utm_term%3Dlondon,+44 20 3595 3254,"144 Huddleston Rd, London N7 0EG",London,N7 0EG,United Kingdom of Great Britain and Northern Ireland,4.3,429,OPERATIONAL,"https://www.google.com/maps/place/Tufnell+House+-+iQ+Student+Accommodation+London/@51.5590815,-0.13564969999999998,14z/data=!4m8!1m2!2m1!1sTufnell+House+-+iQ+Student+Accommodation+London!3m4!1s0x48761ba99c73b0ab:0xa7047df01f5c9010!8m2!3d51.5590815!4d-0.13564969999999998",student accommodation London United Kingdom,,,,,false,C,Student Halls,unknown,false,false,iQ Student Accommodation is large institutional PBSA operator; Not independent accommodation operator; Outside target market
ChIJP0pRvrgEdkgR9BMcCzmR0bM,0x487604b8be514a3f:0xb3d191390b1c13f4,urbanest Westminster Bridge Student Accommodation,Student Halls,Student Halls,http://uk.urbanest.com/,+44 20 7042 7890,"203 Westminster Bridge Rd, London SE1 7FR",London,SE1 7FR,United Kingdom of Great Britain and Northern Ireland,3.9,390,OPERATIONAL,"https://www.google.com/maps/place/urbanest+Westminster+Bridge+Student+Accommodation/@51.500473899999996,-0.1160851,14z/data=!4m8!1m2!2m1!1surbanest+Westminster+Bridge+Student+Accommodation!3m4!1s0x487604b8be514a3f:0xb3d191390b1c13f4!8m2!3d51.500473899999996!4d-0.1160851",student accommodation London United Kingdom; co-living London United Kingdom,,,,,false,C,Student Halls,unknown,false,false,urbanest is large institutional PBSA operator; Multiple properties across portfolio; Not independent operator
ChIJgcRIfq4cdkgRpeYAMoxot5U,0x48761cae7e48c481:0x95b7688c3200e6a5,St Christopher's Liverpool Street,Hostel,"Hostel, Hotel",https://www.st-christophers.co.uk/london/liverpool-street-hostel,+44 20 7247 5338,"52 Wilson St, London EC2A 2ER",London,EC2A 2ER,United Kingdom of Great Britain and Northern Ireland,4.2,383,OPERATIONAL,"https://www.google.com/maps/place/St+Christopher%27s+Liverpool+Street/@51.5204443,-0.0850191,14z/data=!4m8!1m2!2m1!1sSt+Christopher%27s+Liverpool+Street!3m4!1s0x48761cae7e48c481:0x95b7688c3200e6a5!8m2!3d51.5204443!4d-0.0850191",hostel London United Kingdom,,,,,false,C,Hostel,unknown,false,false,St Christopher's is chain operator with multiple locations; Large established hostel chain; Not independent operator
ChIJfVMDnZwbdkgR_tAWsgRqkN0,0x48761b9c9d03537d:0xdd906a04b216d0fe,Highbury - iQ Student Accommodation London,Student Halls,Student Halls,,+44 20 8912 5010,,London,N7 7JR,United Kingdom of Great Britain and Northern Ireland,4.0,340,OPERATIONAL,"https://www.google.com/maps/place/Highbury+-+iQ+Student+Accommodation+London/@51.5626678,-0.1075845,14z/data=!4m8!1m2!2m1!1sHighbury+-+iQ+Student+Accommodation+London!3m4!1s0x48761b9c9d03537d:0xdd906a04b216d0fe!8m2!3d51.5626678!4d-0.1075845",student accommodation London United Kingdom,,,,,false,C,Student Halls,unknown,false,false,"iQ is institutional PBSA operator, not independent; Large chain operator outside ideal customer scope"
ChIJ3Ueu7hYbdkgR5LC5LnxICnk,0x48761b16eeae47dd:0x790a487c2eb9b0e4,urbanest Kings Cross Student Accommodation,Student Halls,"Student Halls, Group accommodation, Student Accommodation Centre",http://uk.urbanest.com/,+44 20 7042 7890,"Canal Reach, London N1C 4BD",London,N1C 4BD,United Kingdom of Great Britain and Northern Ireland,3.9,338,OPERATIONAL,"https://www.google.com/maps/place/urbanest+Kings+Cross+Student+Accommodation/@51.539556999999995,-0.125311,14z/data=!4m8!1m2!2m1!1surbanest+Kings+Cross+Student+Accommodation!3m4!1s0x48761b16eeae47dd:0x790a487c2eb9b0e4!8m2!3d51.539556999999995!4d-0.125311",co-living London United Kingdom,,,,,false,C,Student Halls,unknown,false,false,urbanest is large institutional PBSA operator; Multiple properties across portfolio; Not independent operator
ChIJ8Yr72NgddkgR-YkGKeSfNcA,0x48761dd8d8fb8af1:0xc0359fe4290689f9,Right Room,Estate Agent,Estate Agent,http://www.right-room.co.uk/,+44 20 8004 5915,"3 Hastings St, London WC1H 9PZ",London,WC1H 9PZ,United Kingdom of Great Britain and Northern Ireland,4.6,316,OPERATIONAL,"https://www.google.com/maps/place/Right+Room/@51.5278724,-0.1260761,14z/data=!4m8!1m2!2m1!1sRight+Room!3m4!1s0x48761dd8d8fb8af1:0xc0359fe4290689f9!8m2!3d51.5278724!4d-0.1260761",HMO London United Kingdom,,,,,false,C,Estate Agent,unknown,false,false,Estate agent - does not operate accommodation; Property service provider not accommodation operator; Outside target market
ChIJ4WSDX1UFdkgR8x1EzoNKsPY,0x487605555f8364e1:0xf6b04a83ce441df3,Amber Marsh - STUDENT ACCOMMODATION,Student Accommodation Centre,"Student Accommodation Centre, Business management consultant, Property management company",https://www.ambermarsh.co.uk/,+44 20 7243 7000,"7B Porchester Gardens, London W2 4DB",London,W2 4DB,United Kingdom of Great Britain and Northern Ireland,4.9,294,OPERATIONAL,"https://www.google.com/maps/place/Amber+Marsh+-+STUDENT+ACCOMMODATION/@51.5136682,-0.18815189999999998,14z/data=!4m8!1m2!2m1!1sAmber+Marsh+-+STUDENT+ACCOMMODATION!3m4!1s0x487605555f8364e1:0xf6b04a83ce441df3!8m2!3d51.5136682!4d-0.18815189999999998",student accommodation London United Kingdom,,,,,false,C,Student Accommodation Centre,unknown,false,false,"Business management consultant and property manager, not direct operator; Large institutional PBSA business model; Not independent accommodation operator"
ChIJ69J2cuQadkgRzVlHa2A6aWQ,0x48761ae47276d2eb:0x64693a606b4759cd,The Stay Club Camden,Student Halls,Student Halls,https://www.thestayclub.com/student-accommodation/camden/,+44 20 7267 7774,"34 Chalk Farm Rd, Chalk Farm, London NW1 8AJ",London,NW1 8AJ,United Kingdom of Great Britain and Northern Ireland,3.6,290,OPERATIONAL,"https://www.google.com/maps/place/The+Stay+Club+Camden/@51.5427513,-0.14770619999999998,14z/data=!4m8!1m2!2m1!1sThe+Stay+Club+Camden!3m4!1s0x48761ae47276d2eb:0x64693a606b4759cd!8m2!3d51.5427513!4d-0.14770619999999998",student accommodation London United Kingdom; co-living London United Kingdom,,,,,false,C,Student Halls,unknown,false,false,"Part of The Stay Club chain, operates multiple branded locations; Institutional PBSA operator model, not independent accommodation operator; Large-scale student accommodation provider outside PulseHub ideal customer profile"
ChIJ85WsI7AEdkgR4zQrzBcL_SE,0x487604b023ac95f3:0x21fd0b17cc2b34e3,Paris Gardens - iQ Student Accommodation London,Student Halls,Student Halls,https://www.iqstudentaccommodation.com/london/paris-gardens%3Futm_source%3Dgoogle%26utm_medium%3Dreview%26utm_campaign%3Dlondon_and_south_london_paris_gardens_google_listing_website_backlink%26utm_term%3Dlondon,+44 20 8912 5446,"6 Paris Garden, London SE1 8ND",London,SE1 8ND,United Kingdom of Great Britain and Northern Ireland,4.5,288,OPERATIONAL,"https://www.google.com/maps/place/Paris+Gardens+-+iQ+Student+Accommodation+London/@51.5056807,-0.106135,14z/data=!4m8!1m2!2m1!1sParis+Gardens+-+iQ+Student+Accommodation+London!3m4!1s0x487604b023ac95f3:0x21fd0b17cc2b34e3!8m2!3d51.5056807!4d-0.106135",student accommodation London United Kingdom,,,,,false,C,Student Halls,unknown,false,false,iQ Student Accommodation is a major national PBSA operator; Large institutional chain managing numerous properties across UK; Does not match independent or small/mid-sized operator profile
ChIJsa0oo8hwfkgRBaEZ_Uk1t0U,0x487e70c8a328adb1:0x45b73549fd19a105,Best Student Halls,Student Accommodation Centre,"Student Accommodation Centre, Estate agent",https://www.beststudenthalls.com/uk/london/student-accommodation/,+44 20 3095 8888,"15 Stratton St, London W1J 8LQ",London,W1J 8LQ,United Kingdom of Great Britain and Northern Ireland,4.9,277,OPERATIONAL,"https://www.google.com/maps/place/Best+Student+Halls/@51.5076713,-0.1444446,14z/data=!4m8!1m2!2m1!1sBest+Student+Halls!3m4!1s0x487e70c8a328adb1:0x45b73549fd19a105!8m2!3d51.5076713!4d-0.1444446",student accommodation London United Kingdom,,,,,false,C,Estate Agent / Student Accommodation Centre,unknown,false,false,"Primary business is estate agency and property consultancy, not accommodation operation; Facilitates student accommodation lettings but does not operate properties; Does not operate accommodation as core business"
ChIJ627mAKAbdkgR3iFC-vgfBNc,0x48761ba000e66eeb:0xd7041ff8fa4221de,The Arcade - iQ Student Accommodation London,Student Halls,Student Halls,https://www.iqstudentaccommodation.com/london/the-arcade%3Futm_source%3Dgoogle%26utm_medium%3Dreview%26utm_campaign%3Dlondon_and_south_london_the_arcade_google_listing_website_backlink%26utm_term%3Dlondon,+44 20 7607 5415,"385-401 Holloway Rd, London N7 0RY",London,N7 0RY,United Kingdom of Great Britain and Northern Ireland,4.1,277,OPERATIONAL,"https://www.google.com/maps/place/The+Arcade+-+iQ+Student+Accommodation+London/@51.5571823,-0.1197671,14z/data=!4m8!1m2!2m1!1sThe+Arcade+-+iQ+Student+Accommodation+London!3m4!1s0x48761ba000e66eeb:0xd7041ff8fa4221de!8m2!3d51.5571823!4d-0.1197671",student accommodation London United Kingdom,,,,,false,C,Student Halls,unknown,false,false,"Part of iQ Student Accommodation national chain; Large institutional PBSA operator, not independent accommodation operator; Outside target profile for PulseHub"
ChIJ3UlJ-X8RdkgR7UDZlaOgf3k,0x4876117ff94949dd:0x797fa0a395d940ed,Haywood House - iQ Student Accommodation London,Student Halls,Student Halls,https://www.iqstudentaccommodation.com/london/haywood-house%3Futm_source%3Dgoogle%26utm_medium%3Dreview%26utm_campaign%3Dlondon_and_south_london_haywood_house_google_listing_website_backlink%26utm_term%3Dlondon,+44 20 3967 9990,"iQ Haywood House, 43 Blackburn Rd, London NW6 1RZ",London,NW6 1RZ,United Kingdom of Great Britain and Northern Ireland,4.1,243,OPERATIONAL,"https://www.google.com/maps/place/Haywood+House+-+iQ+Student+Accommodation+London/@51.5473602,-0.1889402,14z/data=!4m8!1m2!2m1!1sHaywood+House+-+iQ+Student+Accommodation+London!3m4!1s0x4876117ff94949dd:0x797fa0a395d940ed!8m2!3d51.5473602!4d-0.1889402",student accommodation London United Kingdom,,,,,false,C,Student Halls,unknown,false,false,Part of iQ Student Accommodation national PBSA chain; Large-scale institutional student accommodation provider; Does not meet independent or small operator criteria
ChIJ7RfmQdcPdkgR56DWGFADpH0,0x48760fd741e617ed:0x7da4035018d6a0e7,Mind the Flat,Estate Agent,"Estate Agent, Apartment Letting Agency, Property management company",https://www.mindtheflat.co.uk/,+44 20 8740 0719,"12 Hammersmith Grove, London W6 7AP",London,W6 7AP,United Kingdom of Great Britain and Northern Ireland,4.2,237,OPERATIONAL,"https://www.google.com/maps/place/Mind+the+Flat/@51.494427699999996,-0.2256462,14z/data=!4m8!1m2!2m1!1sMind+the+Flat!3m4!1s0x48760fd741e617ed:0x7da4035018d6a0e7!8m2!3d51.494427699999996!4d-0.2256462",HMO London United Kingdom,,,,,false,C,Estate Agent / Property Management,unknown,false,false,"Primary business is estate agency and property lettings, not accommodation operation; Does not directly operate HMO or shared accommodation properties; Property management service provider rather than operator"
ChIJ6V11ZYAFdkgRi1tZTCiCP3Y,0x4876058065755de9:0x763f82284c595b8b,Capital Living,Property management company,"Property management company, Apartment Letting Agency",http://www.capitalliving.co.uk/,+44 20 8090 4044,"5th Floor, 167, 169 Great Portland St, London W1W 5PF",London,W1W 5PF,United Kingdom of Great Britain and Northern Ireland,4.3,226,OPERATIONAL,"https://www.google.com/maps/place/Capital+Living/@51.521570499999996,-0.1435214,14z/data=!4m8!1m2!2m1!1sCapital+Living!3m4!1s0x4876058065755de9:0x763f82284c595b8b!8m2!3d51.521570499999996!4d-0.1435214",co-living London United Kingdom,,,,,false,C,Property Management / Co-living,unknown,false,false,"Property management and letting agency, not direct accommodation operator; Facilitates lettings but does not operate co-living as core business; Service provider model rather than accommodation operator model"
ChIJQaA7kPQPdkgRdRGKN3dcCbo,0x48760ff4903ba041:0xba095c77378a1175,Lee Abbey London | Student accommodation,Student Halls,"Student Halls, Self-catering accommodation, Student Accommodation Centre",http://www.leeabbeylondon.com/,+44 20 7373 7242,"57-67 Lexham Gardens, London W8 6JJ",London,W8 6JJ,United Kingdom of Great Britain and Northern Ireland,4.5,204,OPERATIONAL,"https://www.google.com/maps/place/Lee+Abbey+London+%7C+Student+accommodation/@51.495674099999995,-0.1929282,14z/data=!4m8!1m2!2m1!1sLee+Abbey+London+%7C+Student+accommodation!3m4!1s0x48760ff4903ba041:0xba095c77378a1175!8m2!3d51.495674099999995!4d-0.1929282",student accommodation London United Kingdom,,,,,false,C,Student Halls,unknown,false,false,Institutional student accommodation provider operating established locations; Large-scale PBSA model with established management infrastructure; Not independent or small/mid-sized operator profile
ChIJRyjaAc8EdkgREzqR4nCwT-U,0x487604cf01da2847:0xe54fb070e2913a13,Northumberland House,Student Halls,Student Halls,https://www.crm-students.com/london/northumberland-house-london%3Futm_source%3Dgoogle%26utm_medium%3Dgmb%26utm_campaign%3Dnorthumberlandhouse_info,+44 20 7839 7941,"Edward VII Rooms, 8A Northumberland Ave, London WC2N 5BY",London,WC2N 5BY,United Kingdom of Great Britain and Northern Ireland,3.7,204,OPERATIONAL,"https://www.google.com/maps/place/Northumberland+House/@51.5069679,-0.125487,14z/data=!4m8!1m2!2m1!1sNorthumberland+House!3m4!1s0x487604cf01da2847:0xe54fb070e2913a13!8m2!3d51.5069679!4d-0.125487",student accommodation London United Kingdom,,,,,false,C,Student Halls,unknown,false,false,"Large PBSA operator managing multiple branded student accommodation locations; Institutional chain structure, not independent accommodation operator; Outside independent operator and small/mid-sized profile"
ChIJpcuMHKYEdkgRxc7EqK2Dr_E,0x487604a61c8ccba5:0xf1af83ada8c4cec5,Bankside - iQ Student Accommodation London,Student Halls,Student Halls,,+44 20 8912 5030,,London,SE1 0NR,United Kingdom of Great Britain and Northern Ireland,4.5,199,OPERATIONAL,"https://www.google.com/maps/place/Bankside+-+iQ+Student+Accommodation+London/@51.504537899999995,-0.0986167,14z/data=!4m8!1m2!2m1!1sBankside+-+iQ+Student+Accommodation+London!3m4!1s0x487604a61c8ccba5:0xf1af83ada8c4cec5!8m2!3d51.504537899999995!4d-0.0986167",student accommodation London United Kingdom,,,,,false,C,Student accommodation,unknown,false,false,iQ Student Accommodation is part of institutional/large PBSA operator network; Not an independent operator - part of larger corporate structure; Outside target market for independent accommodation management
ChIJvzKd7tQEdkgRIsejWtfzXqQ,0x487604d4ee9d32bf:0xa45ef3d75aa3c722,Greater London Properties (GLP) - Soho Estate Agents,Estate agent,"Estate agent, Commercial property estate agent, Industrial real estate agency, Property administration service, Property Investment, Property maintenance, Property management company, Estate Agent, Property Developer",,+44 20 7734 4062,,London,W1F 9QR,United Kingdom of Great Britain and Northern Ireland,4.6,192,OPERATIONAL,"https://www.google.com/maps/place/Greater+London+Properties+%28GLP%29+-+Soho+Estate+Agents/@51.5131625,-0.1369223,14z/data=!4m8!1m2!2m1!1sGreater+London+Properties+%28GLP%29+-+Soho+Estate+Agents!3m4!1s0x487604d4ee9d32bf:0xa45ef3d75aa3c722!8m2!3d51.5131625!4d-0.1369223",HMO London United Kingdom,,,,,false,C,Estate agent,unknown,false,false,"Estate agent business model - does not operate accommodation; Property sales/management service provider, not accommodation operator; Explicitly rejected category per brief"
ChIJ0SFeOBgbdkgRDRqiYpx92rU,0x48761b18385e21d1:0xb5da7d9c62a21a0d,urbanest St Pancras Student Accommodation,Student Halls,Student Halls,http://uk.urbanest.com/,+44 20 7042 7890,"103 Camley St, London N1C 4BN",London,N1C 4BN,United Kingdom of Great Britain and Northern Ireland,4.1,185,OPERATIONAL,"https://www.google.com/maps/place/urbanest+St+Pancras+Student+Accommodation/@51.537988,-0.1307413,14z/data=!4m8!1m2!2m1!1surbanest+St+Pancras+Student+Accommodation!3m4!1s0x48761b18385e21d1:0xb5da7d9c62a21a0d!8m2!3d51.537988!4d-0.1307413",student accommodation London United Kingdom; co-living London United Kingdom,,,,,false,C,Student Halls,unknown,false,false,"Urbanest is a large institutional PBSA operator, not an independent accommodation operator; Large chain with multiple locations across UK and internationally; Does not fit PulseHub's target of 1-10 property independent operators"
ChIJ0568jr8NdkgRknwa4nRJyKY,0x48760dbf8ebc9ed3:0xa6c84974e21a7c92,Peyton & Charmed London,Student Accommodation Centre,"Student Accommodation Centre, Educational consultant, Property management company, Estate Agent, Student Halls",,+44 7818 531089,,London,EC1V 2NX,United Kingdom of Great Britain and Northern Ireland,4.9,172,OPERATIONAL,"https://www.google.com/maps/place/Peyton+%26+Charmed+London/@51.527238499999996,-0.0886732,14z/data=!4m8!1m2!2m1!1sPeyton+%26+Charmed+London!3m4!1s0x48760dbf8ebc9ed3:0xa6c84974e21a7c92!8m2!3d51.527238499999996!4d-0.0886732",student accommodation London United Kingdom,,,,,false,C,Student accommodation,unknown,false,false,Educational consultant and property management service provider; Does not directly operate student accommodation; Mixed service model suggests not core accommodation operator
ChIJo8Gg5BYbdkgRNzbpiBgKLDc,0x48761b16e4a0c1a3:0x372c0a1888e93637,Victoria Hall King's Cross - London Student Accommodation,Student Halls,"Student Halls, Self-catering accommodation, Student Accommodation Centre",https://host-students.com/locations/london/victoria-hall-kings-cross/,+44 20 3475 5970,"25 Canal Reach, London N1C 4DD",London,N1C 4DD,United Kingdom of Great Britain and Northern Ireland,4.6,166,OPERATIONAL,"https://www.google.com/maps/place/Victoria+Hall+King%27s+Cross+-+London+Student+Accommodation/@51.5392033,-0.126213,14z/data=!4m8!1m2!2m1!1sVictoria+Hall+King%27s+Cross+-+London+Student+Accommodation!3m4!1s0x48761b16e4a0c1a3:0x372c0a1888e93637!8m2!3d51.5392033!4d-0.126213",student accommodation London United Kingdom; co-living London United Kingdom,,,,,false,C,Student Halls,unknown,false,false,Host Students is a large institutional student accommodation operator; Multiple locations across UK; operates as national chain; Does not match independent 1-10 property operator profile
ChIJ2_kjRjQbdkgRZgx2Qk-FdrA,0x48761b344623f9db:0xb076854f42760c66,GoBritanya-Student Accommodation London,Student Accommodation Centre,Student Accommodation Centre,https://www.gobritanya.com/,+44 20 7831 8247,"1st Floor, Winchester House, 19 Bedford Row, London WC1R 4EB",London,WC1R 4EB,United Kingdom of Great Britain and Northern Ireland,4.5,155,OPERATIONAL,"https://www.google.com/maps/place/GoBritanya-Student+Accommodation+London/@51.520350799999996,-0.1161295,14z/data=!4m8!1m2!2m1!1sGoBritanya-Student+Accommodation+London!3m4!1s0x48761b344623f9db:0xb076854f42760c66!8m2!3d51.520350799999996!4d-0.1161295",student accommodation London United Kingdom,,,,,false,C,Student Accommodation Centre,unknown,false,false,"GoBritanya operates as student accommodation agency/intermediary; Business model is placement/lettings service, not direct property operations; Not an accommodation operator in PulseHub's target sense"
ChIJbdAREqgcdkgRHgCjhAgzG3o,0x48761ca81211d06d:0x7a1b330884a3001e,Canto Court Student Accommodation,Student Halls,Student Halls,,+44 20 4527 8667,,London,EC1V 9BD,United Kingdom of Great Britain and Northern Ireland,4.5,152,OPERATIONAL,"https://www.google.com/maps/place/Canto+Court+Student+Accommodation/@51.5248421,-0.09254169999999999,14z/data=!4m8!1m2!2m1!1sCanto+Court+Student+Accommodation!3m4!1s0x48761ca81211d06d:0x7a1b330884a3001e!8m2!3d51.5248421!4d-0.09254169999999999",student accommodation London United Kingdom,,,,,false,C,Student accommodation,unknown,false,false,Part of larger student accommodation network/operator; Institutional-scale PBSA provider; Not independent operator target
ChIJbT7xlJ4bdkgRYJOpgcb19Ts,0x48761b9e94f13e6d:0x3bf5f5c681a99360,Smart Student Accommodation London,Student Accommodation Centre,Student Accommodation Centre,http://www.smartstudentaccommodation.com/,+44 20 3034 6000,"3-5 Thane Villas, Finsbury Park, London N7 7PH",London,N7 7PH,United Kingdom of Great Britain and Northern Ireland,4.7,151,OPERATIONAL,"https://www.google.com/maps/place/Smart+Student+Accommodation+London/@51.5607182,-0.1128199,14z/data=!4m8!1m2!2m1!1sSmart+Student+Accommodation+London!3m4!1s0x48761b9e94f13e6d:0x3bf5f5c681a99360!8m2!3d51.5607182!4d-0.1128199",student accommodation London United Kingdom,,,,,false,C,Student Accommodation Centre,unknown,false,false,Smart Student Accommodation is a large student accommodation operator/agency; Multiple properties across London; operates as institutional player; Accommodation management appears to be portfolio-based chain model
ChIJ7yR5_CUbdkgRYJ-wjffFUqs,0x48761b25fc7924ef:0xab52c5f78db09f60,Bloomsbury - iQ Student Accommodation London,Student Halls,Student Halls,https://www.iqstudentaccommodation.com/london/bloomsbury%3Futm_source%3Dgoogle%26utm_medium%3Dreview%26utm_campaign%3Dlondon_and_south_london_bloomsbury_google_listing_website_backlink%26utm_term%3Dlondon,+44 20 7952 6856,"200 Euston Rd., London NW1 2FA",London,NW1 2FA,United Kingdom of Great Britain and Northern Ireland,4.6,146,OPERATIONAL,"https://www.google.com/maps/place/Bloomsbury+-+iQ+Student+Accommodation+London/@51.5262094,-0.1348105,14z/data=!4m8!1m2!2m1!1sBloomsbury+-+iQ+Student+Accommodation+London!3m4!1s0x48761b25fc7924ef:0xab52c5f78db09f60!8m2!3d51.5262094!4d-0.1348105",student accommodation London United Kingdom,,,,,false,C,Student Halls,unknown,false,false,iQ Student Accommodation is a major institutional PBSA operator; Large national chain with multiple UK locations; Does not fit independent small operator profile
ChIJIwTmBpgbdkgRysKyXCi3jCU,0x48761b9806e60423:0x258cb7285cb2c2ca,Co Living London,Estate agent,Estate agent,https://www.colivinglondon.co.uk/,+44 20 3096 8921,"Meridien House, 42 Upper Berkeley St, London W1H 5QJ",London,W1H 5QJ,United Kingdom of Great Britain and Northern Ireland,4.9,146,OPERATIONAL,"https://www.google.com/maps/place/Co+Living+London/@51.5151117,-0.1621494,14z/data=!4m8!1m2!2m1!1sCo+Living+London!3m4!1s0x48761b9806e60423:0x258cb7285cb2c2ca!8m2!3d51.5151117!4d-0.1621494",co-living London United Kingdom,,,,,false,C,Estate Agent,unknown,false,false,"Co Living London is an estate agent, not an accommodation operator; Primary business is property sales/lettings services, not direct accommodation management; Explicitly rejected category per PulseHub criteria"
ChIJWzXjg_cFdkgRqgHp7WZgtfs,0x487605f783e3355b:0xfbb56066ede901aa,urbanest Battersea Student Accommodation,Student Halls,Student Halls,https://uk.urbanest.com/locations/battersea/,+44 20 7042 7890,"5 Palmerston Way, Nine Elms, London SW8 4AQ",London,SW8 4AQ,United Kingdom of Great Britain and Northern Ireland,4.2,137,OPERATIONAL,"https://www.google.com/maps/place/urbanest+Battersea+Student+Accommodation/@51.478045599999994,-0.1441032,14z/data=!4m8!1m2!2m1!1surbanest+Battersea+Student+Accommodation!3m4!1s0x487605f783e3355b:0xfbb56066ede901aa!8m2!3d51.478045599999994!4d-0.1441032",student accommodation London United Kingdom,,,,,false,C,Student Halls,unknown,false,false,"Urbanest is a large institutional PBSA operator, not an independent accommodation manager; Large-scale student accommodation chain inconsistent with PulseHub's target market"
ChIJAyiiujscdkgRn5F--rpbOqs,0x48761c3bbaa22803:0xab3a5bbafa7e919f,BML Group Ltd,Property maintenance,"Property maintenance, Equipment rental agency, Finance broker, Fire protection service, General Contractor, Insurance broker, Mortgage broker, Security guard service, Security service",https://bmlgroup.co.uk/%3Futm_source%3Dgoogle%26utm_medium%3Dorganic%26utm_campaign%3Dgbp,+44 20 7101 4800,"Lumen House, BML House, Vale Rd, London N4 1PR",London,N4 1PR,United Kingdom of Great Britain and Northern Ireland,4.4,134,OPERATIONAL,"https://www.google.com/maps/place/BML+Group+Ltd/@51.5762188,-0.0893344,14z/data=!4m8!1m2!2m1!1sBML+Group+Ltd!3m4!1s0x48761c3bbaa22803:0xab3a5bbafa7e919f!8m2!3d51.5762188!4d-0.0893344",HMO London United Kingdom,,,,,false,C,Property maintenance / Services,unknown,false,false,"BML Group is a property services provider (maintenance, insurance, security), not an accommodation operator; Core business is services provision, not operating accommodation"
ChIJ14cyHygFdkgRcYignuQx9zI,0x487605281f3287d7:0x32f731e49ea08871,Student Luxe,Student Accommodation Centre,"Student Accommodation Centre, Apartment Rental Agency",https://www.studentluxe.co.uk/,+44 20 3007 0017,"Dog & Duck Yard, Princeton St, London WC1R 4BH",London,WC1R 4BH,United Kingdom of Great Britain and Northern Ireland,4.9,131,OPERATIONAL,"https://www.google.com/maps/place/Student+Luxe/@51.520233999999995,-0.116867,14z/data=!4m8!1m2!2m1!1sStudent+Luxe!3m4!1s0x487605281f3287d7:0x32f731e49ea08871!8m2!3d51.520233999999995!4d-0.116867",student accommodation London United Kingdom,,,,,false,C,Student Accommodation,unknown,false,false,"Student Luxe is an apartment rental agency/intermediary, not a direct accommodation operator; Functions as a student accommodation centre facilitating rentals rather than operating properties"
ChIJ1aM5HDgbdkgRmQtKWoUPzJ8,0x48761b381c39a3d5:0x9fcc0f855a4a0b99,Goodenough Accommodation,Student Accommodation Centre,"Student Accommodation Centre, Hostel",http://www.goodenough.ac.uk/,+44 20 7837 8888,"Mecklenburgh Square, London WC1N 2AB",London,WC1N 2AB,United Kingdom of Great Britain and Northern Ireland,4.5,129,OPERATIONAL,"https://www.google.com/maps/place/Goodenough+Accommodation/@51.5258197,-0.11896269999999999,14z/data=!4m8!1m2!2m1!1sGoodenough+Accommodation!3m4!1s0x48761b381c39a3d5:0x9fcc0f855a4a0b99!8m2!3d51.5258197!4d-0.11896269999999999",student accommodation London United Kingdom,,,,,false,C,Student Accommodation / Hostel,unknown,false,false,"Goodenough Accommodation operates as a formal institutional body, not an independent operator; Entity structure and scale inconsistent with independent accommodation management"
ChIJcdOdt14bdkgR-aXx8XpivkM,0x48761b5eb79dd371:0x43be627af1f1a5f9,Unite Students - Cross Court House,Student Accommodation Centre,Student Accommodation Centre,,+44 300 303 8642,,London,N1 8LA,United Kingdom of Great Britain and Northern Ireland,3.6,129,OPERATIONAL,"https://www.google.com/maps/place/Unite+Students+-+Cross+Court+House/@51.5304845,-0.09796969999999999,14z/data=!4m8!1m2!2m1!1sUnite+Students+-+Cross+Court+House!3m4!1s0x48761b5eb79dd371:0x43be627af1f1a5f9!8m2!3d51.5304845!4d-0.09796969999999999",student accommodation London United Kingdom,,,,,false,C,Student accommodation,unknown,false,false,Unite Students is large national student accommodation chain; Institutional operator outside target market; Not independent/small-mid sized operator
ChIJBVVdRNcPdkgRztIGN8IjxWA,0x48760fd7445d5505:0x60c523c23706d2ce,Berkeley White City Office,Housing Development,"Housing Development, Corporate office",,+44 20 3504 5813,,London,W12 7RH,United Kingdom of Great Britain and Northern Ireland,4.3,127,OPERATIONAL,"https://www.google.com/maps/place/Berkeley+White+City+Office/@51.51074,-0.22335629999999998,14z/data=!4m8!1m2!2m1!1sBerkeley+White+City+Office!3m4!1s0x48760fd7445d5505:0x60c523c23706d2ce!8m2!3d51.51074!4d-0.22335629999999998",co-living London United Kingdom,,,,,false,C,Housing developer,unknown,false,false,"Berkeley is large property developer/corporate office; Housing development construction focus, not accommodation management; Institutional-scale enterprise outside target"
ChIJ-_QuFjobdkgR2NSiWBa_gXE,0x48761b3a162ef4fb:0x7181bf1658a2d4d8,Greater London Properties - Bloomsbury Estate Agents,Estate Agent,"Estate Agent, Commercial property estate agent, Industrial real estate agency, Property administration service, Property Investment, Property maintenance, Property management company, Estate agent, Property Developer, Property Rental Agency",,+44 20 7113 1066,,London,WC1H 9RF,United Kingdom of Great Britain and Northern Ireland,4.8,124,OPERATIONAL,"https://www.google.com/maps/place/Greater+London+Properties+-+Bloomsbury+Estate+Agents/@51.5267517,-0.124302,14z/data=!4m8!1m2!2m1!1sGreater+London+Properties+-+Bloomsbury+Estate+Agents!3m4!1s0x48761b3a162ef4fb:0x7181bf1658a2d4d8!8m2!3d51.5267517!4d-0.124302",HMO London United Kingdom,,,,,false,C,Estate agent,unknown,false,false,Estate agent business - property sales/letting services; Does not operate accommodation directly; Explicitly rejected category per brief
ChIJ7UOkA2HBeUgRN8LZnMZSVOc,0x4879c16103a443ed:0xe75452c69cd9c237,Homeshare,Software company,"Software company, Property management company, Estate agent, Property Consultant, Property Rental Agency",,+44 20 3322 6496,,London,W1J 7RT,United Kingdom of Great Britain and Northern Ireland,4.4,121,OPERATIONAL,"https://www.google.com/maps/place/Homeshare/@51.5098042,-0.1444346,14z/data=!4m8!1m2!2m1!1sHomeshare!3m4!1s0x4879c16103a443ed:0xe75452c69cd9c237!8m2!3d51.5098042!4d-0.1444346",HMO London United Kingdom,,,,,false,C,Software company,unknown,false,false,Software company - not an accommodation operator; Property management software/services provider; Does not manage own accommodation portfolio
ChIJQX1OsQsFdkgRayjcCQ4bhf8,0x4876050bb14e7d41:0xff851b0e09dc286b,Chapter Westminster,Student Halls,Student Halls,https://www.chapter-living.com/properties/westminster/,+44 20 8138 2040,"200A Lambeth Rd, London SE1 7LR",London,SE1 7LR,United Kingdom of Great Britain and Northern Ireland,4.5,116,OPERATIONAL,"https://www.google.com/maps/place/Chapter+Westminster/@51.495784199999996,-0.1160669,14z/data=!4m8!1m2!2m1!1sChapter+Westminster!3m4!1s0x4876050bb14e7d41:0xff851b0e09dc286b!8m2!3d51.495784199999996!4d-0.1160669",student accommodation London United Kingdom,,,,,false,C,Student Halls,unknown,false,false,"Chapter Westminster is part of Chapter Living, a large institutional PBSA operator; Scale and structure of large chain inconsistent with independent operator focus"
ChIJhbFn8hgbdkgRP5L-6llSgP8,0x48761b18f267b185:0xff805259eafe923f,Unite Students - St Pancras Way,Student Accommodation Centre,Student Accommodation Centre,https://www.unitestudents.com/student-accommodation/london/st-pancras-way%3Futm_campaign%253B%2520utm_source%3Dgmb%26utm_medium%3Dreferrel,+44 300 303 8642,"11 St Pancras Way, London NW1 0PT",London,NW1 0PT,United Kingdom of Great Britain and Northern Ireland,3.8,115,OPERATIONAL,"https://www.google.com/maps/place/Unite+Students+-+St+Pancras+Way/@51.537072699999996,-0.132877,14z/data=!4m8!1m2!2m1!1sUnite+Students+-+St+Pancras+Way!3m4!1s0x48761b18f267b185:0xff805259eafe923f!8m2!3d51.537072699999996!4d-0.132877",student accommodation London United Kingdom,,,,,false,C,Student Accommodation,unknown,false,false,Unite Students is a major national institutional PBSA operator; Large-scale corporate chain explicitly rejected from ideal customer profile
ChIJ6_3yMNUEdkgRQ7X6aQz27_I,0x487604d530f2fdeb:0xf2eff60c69fab543,Unite Students - Walmsley Studios,Student Accommodation Centre,Student Accommodation Centre,,+44 300 303 8642,,London,EC1V 4AT,United Kingdom of Great Britain and Northern Ireland,3.8,111,OPERATIONAL,"https://www.google.com/maps/place/Unite+Students+-+Walmsley+Studios/@51.5253498,-0.1039001,14z/data=!4m8!1m2!2m1!1sUnite+Students+-+Walmsley+Studios!3m4!1s0x487604d530f2fdeb:0xf2eff60c69fab543!8m2!3d51.5253498!4d-0.1039001",student accommodation London United Kingdom,,,,,false,C,Student Accommodation,unknown,false,false,Unite Students is a large institutional PBSA operator; Part of larger national/international chain structure
ChIJ5YPXCoEddkgRq2MyxO32LVI,0x48761d810ad783e5:0x522df6edc43263ab,Prestige Student Living Flora Building,Student Halls,"Student Halls, Serviced accommodation, Student Accommodation Centre",,+44 372 291 3016,,London,E2 8HJ,United Kingdom of Great Britain and Northern Ireland,4.4,109,OPERATIONAL,"https://www.google.com/maps/place/Prestige+Student+Living+Flora+Building/@51.529678499999996,-0.0756403,14z/data=!4m8!1m2!2m1!1sPrestige+Student+Living+Flora+Building!3m4!1s0x48761d810ad783e5:0x522df6edc43263ab!8m2!3d51.529678499999996!4d-0.0756403",co-living London United Kingdom,,,,,false,C,Student Accommodation,unknown,false,false,"Prestige Student Living operates institutional student halls; Large scale PBSA operator, not independent"
ChIJbUZyqd8EdkgRCtqX6ZIJX9k,0x487604dfa972466d:0xd95f0992e997da0a,urbanest Victoria Student Accommodation,Student Accommodation Centre,Student Accommodation Centre,https://uk.urbanest.com/locations/victoria/,+44 20 7042 7890,"84 Thirleby Rd, London SW1P 1HH",London,SW1P 1HH,United Kingdom of Great Britain and Northern Ireland,4.6,108,OPERATIONAL,"https://www.google.com/maps/place/urbanest+Victoria+Student+Accommodation/@51.496101599999996,-0.1378969,14z/data=!4m8!1m2!2m1!1surbanest+Victoria+Student+Accommodation!3m4!1s0x487604dfa972466d:0xd95f0992e997da0a!8m2!3d51.496101599999996!4d-0.1378969",student accommodation London United Kingdom,,,,,false,C,Student Accommodation,unknown,false,false,Urbanest Victoria is part of large institutional PBSA operator; Large-scale student accommodation chain outside target market
ChIJ9ev-5u0EdkgReHvq6sBygxY,0x487604ede6feebf5:0x168372c0eaea7b78,The Hub - London Student Accommodation,Student Halls,"Student Halls, Self-catering accommodation, Student Accommodation Centre",https://host-students.com/locations/london/%3Flocation_id%3Dthe-hub%26utm_source%3Dgooglemap%26utm_medium%3Dorganic%26utm_campaign%3Dlocal,+44 20 3770 9120,"21-25 S Lambeth Rd, London SW8 1SU",London,SW8 1SU,United Kingdom of Great Britain and Northern Ireland,3.9,101,OPERATIONAL,"https://www.google.com/maps/place/The+Hub+-+London+Student+Accommodation/@51.4844703,-0.12238149999999999,14z/data=!4m8!1m2!2m1!1sThe+Hub+-+London+Student+Accommodation!3m4!1s0x487604ede6feebf5:0x168372c0eaea7b78!8m2!3d51.4844703!4d-0.12238149999999999",student accommodation London United Kingdom; co-living London United Kingdom,,,,,false,C,Student Halls,unknown,false,false,"The Hub is part of Host Students, a large institutional student accommodation operator; Large-scale PBSA chain outside independent operator target market"
ChIJ8d23i0EbdkgR6D7sbSPxcfA,0x48761b418bb7ddf1:0xf071f1236dec3ee8,One Move Group,Estate agent,Estate agent,,+44 20 3744 7799,,London,W1T 2EP,United Kingdom of Great Britain and Northern Ireland,4.0,89,OPERATIONAL,"https://www.google.com/maps/place/One+Move+Group/@51.519844799999994,-0.1337583,14z/data=!4m8!1m2!2m1!1sOne+Move+Group!3m4!1s0x48761b418bb7ddf1:0xf071f1236dec3ee8!8m2!3d51.519844799999994!4d-0.1337583",HMO London United Kingdom,,,,,false,C,HMO/Mixed,unknown,false,false,"Estate agent business model, not accommodation operator; Facilitates property transactions rather than managing accommodation"
ChIJa2Zo6v0FdkgRKKBHeaxAjJc,0x487605fdea68666b:0x978c40ac7947a028,Prestige Student Living Grosvenor House,Student Halls,"Student Halls, Serviced accommodation, Student Accommodation Centre",https://prestigestudentliving.com/student-accommodation/london/grosvenor-house%3Futm_source%3DGoogle%2BBusiness%26utm_medium%3Dorganic%26utm_campaign%3DGrosvenor%2BHouse%2BGoogle%2BBusiness%2BProfile%26utm_content%3Dbio-link,+44 333 344 3787,"141-143 Drury Ln, London WC2B 5TB",London,WC2B 5TB,United Kingdom of Great Britain and Northern Ireland,4.8,88,OPERATIONAL,"https://www.google.com/maps/place/Prestige+Student+Living+Grosvenor+House/@51.514353299999996,-0.1211351,14z/data=!4m8!1m2!2m1!1sPrestige+Student+Living+Grosvenor+House!3m4!1s0x487605fdea68666b:0x978c40ac7947a028!8m2!3d51.514353299999996!4d-0.1211351",student accommodation London United Kingdom,,,,,false,C,Student Accommodation,unknown,false,false,Prestige Student Living operates institutional PBSA at scale; Large operator portfolio model incompatible with PulseHub target; Institutional student housing provider
ChIJ9_o9mowEdkgR3cY3HYRCWtU,0x4876048c9a3dfaf7:0xd55a42841d37c6dd,St Monica House,Bed & breakfast,Bed & breakfast,https://www.asjmoz.org/hospitality-bed-and-breakfast.html,+44 20 7582 0840,"83 Clapham Rd, London SW9 0HY",London,SW9 0HY,United Kingdom of Great Britain and Northern Ireland,4.5,88,OPERATIONAL,"https://www.google.com/maps/place/St+Monica+House/@51.478418,-0.1156866,14z/data=!4m8!1m2!2m1!1sSt+Monica+House!3m4!1s0x4876048c9a3dfaf7:0xd55a42841d37c6dd!8m2!3d51.478418!4d-0.1156866",guest house London United Kingdom,,,,,false,C,Bed & Breakfast,unknown,false,false,"Associated with charity/religious organization (ASJM); Institutional operator, not independent accommodation business; Public/charity sector operator"
ChIJp6U8g1sbdkgRy8vys0OUlSc,0x48761b5b833ca5a7:0x27959443b3f2cbcb,Unite Students - Student Living Heights,Student Accommodation Centre,Student Accommodation Centre,,+44 300 303 8642,,London,EC1V 7AF,United Kingdom of Great Britain and Northern Ireland,3.8,83,OPERATIONAL,"https://www.google.com/maps/place/Unite+Students+-+Student+Living+Heights/@51.529989699999994,-0.1024937,14z/data=!4m8!1m2!2m1!1sUnite+Students+-+Student+Living+Heights!3m4!1s0x48761b5b833ca5a7:0x27959443b3f2cbcb!8m2!3d51.529989699999994!4d-0.1024937",student accommodation London United Kingdom,,,,,false,C,Student Accommodation,unknown,false,false,Unite Students is large institutional PBSA operator; Corporate chain structure disqualifies from target market
ChIJKRAOBicbdkgRETcFa1JmRbo,0x48761b27060e1029:0xba4566526b053711,Stuhomes - London Student Accommodation,Student Halls,Student Halls,https://stuhomes.com/,+44 20 7242 5720,"36-43 Kirby St, London EC1N 8TE",London,EC1N 8TE,United Kingdom of Great Britain and Northern Ireland,4.6,73,OPERATIONAL,"https://www.google.com/maps/place/Stuhomes+-+London+Student+Accommodation/@51.5199279,-0.1074772,14z/data=!4m8!1m2!2m1!1sStuhomes+-+London+Student+Accommodation!3m4!1s0x48761b27060e1029:0xba4566526b053711!8m2!3d51.5199279!4d-0.1074772",student accommodation London United Kingdom,,,,,false,C,Student Accommodation,unknown,false,false,Large institutional PBSA operator; Multi-property portfolio company; Not independent operator
ChIJjcd-F9IadkgR9mzb0zkeL88,0x48761ad2177ec78d:0xcf2f1e39d3db6cf6,London Nest Ltd.,Student Accommodation Centre,"Student Accommodation Centre, Apartment Letting Agency, Estate Agent, Student Halls",,+44 20 7697 0009,,London,N5 1XL,United Kingdom of Great Britain and Northern Ireland,4.0,69,OPERATIONAL,"https://www.google.com/maps/place/London+Nest+Ltd./@51.5504578,-0.1081254,14z/data=!4m8!1m2!2m1!1sLondon+Nest+Ltd.!3m4!1s0x48761ad2177ec78d:0xcf2f1e39d3db6cf6!8m2!3d51.5504578!4d-0.1081254",student accommodation London United Kingdom,,,,,false,C,Student Accommodation,unknown,false,false,Institutional student accommodation provider; Mixed business model includes estate agency and letting functions
ChIJ4TzyG8IFdkgRgMScmphuYe4,0x487605c21bf23ce1:0xee616e989a9cc480,Fifty One London,Student Accommodation Centre,Student Accommodation Centre,https://fiftyonelondon.com/,+44 7498 312869,"51-55 Cromwell Rd, South Kensington, London SW7 2EH",London,SW7 2EH,United Kingdom of Great Britain and Northern Ireland,4.8,64,OPERATIONAL,"https://www.google.com/maps/place/Fifty+One+London/@51.495125699999996,-0.1783671,14z/data=!4m8!1m2!2m1!1sFifty+One+London!3m4!1s0x487605c21bf23ce1:0xee616e989a9cc480!8m2!3d51.495125699999996!4d-0.1783671",student accommodation London United Kingdom,,,,,false,C,Student Accommodation,unknown,false,false,Institutional PBSA operator at scale; Large portfolio model; Not independent operator
ChIJz2E24LoPdkgRhXwKrJOKvN8,0x48760fbae03661cf:0xdfbc8a93ac0a7c85,Universal Student Living Fulham Palace Studios,Student Halls,"Student Halls, Serviced accommodation, Student Accommodation Centre",,+44 345 564 6779,,London,W6 9PA,United Kingdom of Great Britain and Northern Ireland,4.4,60,OPERATIONAL,"https://www.google.com/maps/place/Universal+Student+Living+Fulham+Palace+Studios/@51.4853951,-0.2204545,14z/data=!4m8!1m2!2m1!1sUniversal+Student+Living+Fulham+Palace+Studios!3m4!1s0x48760fbae03661cf:0xdfbc8a93ac0a7c85!8m2!3d51.4853951!4d-0.2204545",student accommodation London United Kingdom,,,,,false,C,Student Accommodation,unknown,false,false,Universal Student Living is large institutional PBSA operator; National scale student accommodation provider
ChIJy5QeqCEFdkgRealdyGduW4Y,0x48760521a81e94cb:0x865b6e67c85da979,Robert Manning,Estate Agent,"Estate Agent, Property maintenance, Property management company, Property Rental Agency",,+44 20 3725 8399,,London,W1W 5PF,United Kingdom of Great Britain and Northern Ireland,1.7,50,OPERATIONAL,"https://www.google.com/maps/place/Robert+Manning/@51.5216834,-0.14367939999999998,14z/data=!4m8!1m2!2m1!1sRobert+Manning!3m4!1s0x48760521a81e94cb:0x865b6e67c85da979!8m2!3d51.5216834!4d-0.14367939999999998",HMO London United Kingdom,,,,,false,C,HMO/Mixed,unknown,false,false,Estate agent primary business model; Very low rating suggests poor fit and credibility concerns
ChIJc_bq96aAdkgR-Xek_S1-N2I,0x487680a6f7eaf673:0x62377e2dfda477f9,Our Mortgage Broker,Mortgage broker,Mortgage broker,,+44 20 3971 1234,,London,W1J 6HE,United Kingdom of Great Britain and Northern Ireland,4.9,41,OPERATIONAL,"https://www.google.com/maps/place/Our+Mortgage+Broker/@51.5106094,-0.14606439999999998,14z/data=!4m8!1m2!2m1!1sOur+Mortgage+Broker!3m4!1s0x487680a6f7eaf673:0x62377e2dfda477f9!8m2!3d51.5106094!4d-0.14606439999999998",HMO London United Kingdom,,,,,false,C,unknown,unknown,false,false,"Mortgage broker - provides financial services, not accommodation management; Does not operate or manage accommodation properties"
ChIJVaEdmKEFdkgRrl-505QXid8,0x487605a1981da155:0xdf891794d3b95fae,Luxury Living Homes International,Estate Agent,"Estate Agent, Property Investment, Property valuer, Property Rental Agency",,+44 20 3561 6689,,London,W1S 4PN,United Kingdom of Great Britain and Northern Ireland,4.8,30,OPERATIONAL,"https://www.google.com/maps/place/Luxury+Living+Homes+International/@51.5087334,-0.1404643,14z/data=!4m8!1m2!2m1!1sLuxury+Living+Homes+International!3m4!1s0x487605a1981da155:0xdf891794d3b95fae!8m2!3d51.5087334!4d-0.1404643",HMO London United Kingdom,,,,,false,C,unknown,unknown,false,false,Estate agent with investment/valuation focus - sells property services; Does not indicate direct accommodation operation/management
ChIJM5gBcgoFdkgROTXzPkhWW80,0x4876050a72019833:0xcd5b56483ef33539,PureOrder End Of Tenancy Cleaning London,House cleaning service,"House cleaning service, Cleaners",,+44 20 7164 0072,,London,W1S 4PN,United Kingdom of Great Britain and Northern Ireland,5.0,14,OPERATIONAL,"https://www.google.com/maps/place/PureOrder+End+Of+Tenancy+Cleaning+London/@51.5087334,-0.1404643,14z/data=!4m8!1m2!2m1!1sPureOrder+End+Of+Tenancy+Cleaning+London!3m4!1s0x4876050a72019833:0xcd5b56483ef33539!8m2!3d51.5087334!4d-0.1404643",HMO London United Kingdom,,,,,false,C,unknown,unknown,false,false,House cleaning service provider - ancillary business; Does not operate or manage accommodation
ChIJk08ZJzgbdkgRasiF69APghc,0x48761b3827194f93:0x17820fd0eb85c86a,London House,Student Halls,Student Halls,http://www.goodenough.ac.uk/,+44 20 7837 8888,"London House, London WC1N 2AB",London,WC1N 2AB,United Kingdom of Great Britain and Northern Ireland,4.6,9,OPERATIONAL,"https://www.google.com/maps/place/London+House/@51.5243173,-0.1178808,14z/data=!4m8!1m2!2m1!1sLondon+House!3m4!1s0x48761b3827194f93:0x17820fd0eb85c86a!8m2!3d51.5243173!4d-0.1178808",student accommodation London United Kingdom,,,,,false,C,Student Halls,unknown,false,false,"Goodenough College is an academic institution housing students, not an independent accommodation operator; University-affiliated student housing falls outside target market of independent operators"
ChIJFVjg9lQFdkgRi7B7iKbHxnw,0x48760554f6e05815:0x7cc6c7a6887bb08b,Oxford & London Building Consultancy,Contractor,Contractor,http://www.olbc.co.uk/,,"1 Armoury Way, London SW18 1TH",London,SW18 1TH,United Kingdom of Great Britain and Northern Ireland,3.7,9,OPERATIONAL,"https://www.google.com/maps/place/Oxford+%26+London+Building+Consultancy/@51.4588482,-0.19105219999999998,14z/data=!4m8!1m2!2m1!1sOxford+%26+London+Building+Consultancy!3m4!1s0x48760554f6e05815:0x7cc6c7a6887bb08b!8m2!3d51.4588482!4d-0.19105219999999998",HMO London United Kingdom,,,,,false,C,Construction/Contractor,unknown,false,false,"Building consultancy firm, not an accommodation operator; Core business is construction consulting, not managing accommodation properties"
ChIJSy9xNg8bdkgRzYkul8D9ar0,0x48761b0f36712f4b:0xbd6afdc0972e89cd,HMO Lettings & Management,Estate agent,"Estate agent, Property Consultant, Property Rental Agency",http://hmomanagement.agency/,+44 20 3488 7319,"39 Lilestone St, London NW8 8SS",London,NW8 8SS,United Kingdom of Great Britain and Northern Ireland,3.4,5,OPERATIONAL,"https://www.google.com/maps/place/HMO+Lettings+%26+Management/@51.525303199999996,-0.1675431,14z/data=!4m8!1m2!2m1!1sHMO+Lettings+%26+Management!3m4!1s0x48761b0f36712f4b:0xbd6afdc0972e89cd!8m2!3d51.525303199999996!4d-0.1675431",HMO London United Kingdom,,,,,false,C,Estate Agent,unknown,false,false,"Estate agent and property rental agency, not accommodation operator; Core business is property lettings consulting and mediation, not direct management"
ChIJCfizDCwTk6oRpp9MdRYCbew,0xaa93132c0cb3f809:0xec6d0216754c9fa6,HMO Development Ltd,Construction Company,Construction Company,https://www.hmodevelopment.com/,+44 20 8965 0562,"1st Floor, Block H, 286c Chase Rd, London N14 6HF",London,N14 6HF,United Kingdom of Great Britain and Northern Ireland,5.0,5,OPERATIONAL,"https://www.google.com/maps/place/HMO+Development+Ltd/@51.633795799999994,-0.1265073,14z/data=!4m8!1m2!2m1!1sHMO+Development+Ltd!3m4!1s0xaa93132c0cb3f809:0xec6d0216754c9fa6!8m2!3d51.633795799999994!4d-0.1265073",HMO London United Kingdom,,,,,false,C,Construction Company,unknown,false,false,"Construction and development company, not an accommodation operator; Core business is building/development, not managing accommodation properties"
ChIJFxkS2GUbdkgRZaaKMI_bpzk,0x48761b65d8121917:0x39a7db8f308aa665,HMO Licensing,Property Consultant,Property Consultant,http://www.hmolicensing.co.uk/,+44 20 3897 6664,"7 Pancras Sq, London N1C 4AG",London,N1C 4AG,United Kingdom of Great Britain and Northern Ireland,5.0,3,OPERATIONAL,"https://www.google.com/maps/place/HMO+Licensing/@51.5326424,-0.12565379999999998,14z/data=!4m8!1m2!2m1!1sHMO+Licensing!3m4!1s0x48761b65d8121917:0x39a7db8f308aa665!8m2!3d51.5326424!4d-0.12565379999999998",HMO London United Kingdom,,,,,false,C,HMO,unknown,false,false,"Property consultant providing licensing services, not an accommodation operator; Does not manage or operate accommodation properties"
ChIJ82lQ5bUadkgRh4dDMfNUuS0,0x48761ab5e55069f3:0x2db954f331438787,M H I,,,,+44 20 7723 9169,"3 Homer St, London W1H 4NP",London,W1H 4NP,United Kingdom of Great Britain and Northern Ireland,1.0,1,OPERATIONAL,"https://www.google.com/maps/place/M+H+I/@51.519525599999994,-0.1653045,14z/data=!4m8!1m2!2m1!1sM+H+I!3m4!1s0x48761ab5e55069f3:0x2db954f331438787!8m2!3d51.519525599999994!4d-0.1653045",HMO London United Kingdom,,,,,false,C,unknown,unknown,false,false,"No category or business type information provided; Minimal review data (1.0 rating, 1 review) suggests inactive or defunct; Insufficient evidence of accommodation operations"
ChIJtYgdJCwbdkgRglYkYM4r16Q,0x48761b2c241d88b5:0xa4d72bce60245682,London Rent Assessment Panel,Council,Council,,+44 20 7446 7700,,London,WC1E 7LR,United Kingdom of Great Britain and Northern Ireland,1.0,1,OPERATIONAL,"https://www.google.com/maps/place/London+Rent+Assessment+Panel/@51.5199214,-0.1330142,14z/data=!4m8!1m2!2m1!1sLondon+Rent+Assessment+Panel!3m4!1s0x48761b2c241d88b5:0xa4d72bce60245682!8m2!3d51.5199214!4d-0.1330142",HMO London United Kingdom,,,,,false,C,unknown,unknown,false,false,"Public sector council body, not private accommodation operator; Outside PulseHub's target market of independent operators; No accommodation management operations"
ChIJ9WlP_IMbdkgRNHmctPPfrb8,0x48761b83fc4f69f5:0xbfaddff3b49c7934,Greener Property Lettings,Property Investment,"Property Investment, Property management company",https://www.greenerpropertylettings.co.uk/,+44 20 8088 4090,"9 Market Pl, London N2 8BD",London,N2 8BD,United Kingdom of Great Britain and Northern Ireland,5.0,1,OPERATIONAL,"https://www.google.com/maps/place/Greener+Property+Lettings/@51.5902994,-0.1667551,14z/data=!4m8!1m2!2m1!1sGreener+Property+Lettings!3m4!1s0x48761b83fc4f69f5:0xbfaddff3b49c7934!8m2!3d51.5902994!4d-0.1667551",HMO London United Kingdom,,,,,false,C,HMO/Rental,unknown,false,false,"Property investment/management company focused on lettings, not accommodation operator; Likely manages residential rentals for investors rather than operating accommodation"
ChIJ0_LSxtQbdkgRCak0bltsbc4,0x48761bd4c6d2f2d3:0xce6d6c5b6e34a909,Empire HMO Management Solutions,Property management company,Property management company,,+44 7359 433268,"167, 169 Great Portland St, London W1W 5PF",London,W1W 5PF,United Kingdom of Great Britain and Northern Ireland,,,OPERATIONAL,"https://www.google.com/maps/place/Empire+HMO+Management+Solutions/@51.5216834,-0.14367939999999998,14z/data=!4m8!1m2!2m1!1sEmpire+HMO+Management+Solutions!3m4!1s0x48761bd4c6d2f2d3:0xce6d6c5b6e34a909!8m2!3d51.5216834!4d-0.14367939999999998",HMO London United Kingdom,,,,,false,C,HMO,unknown,false,false,"Property management company, not accommodation operator themselves; Classified as service provider rather than direct operator; Business model does not match ideal customer profile"
ChIJ8d68DEcbdkgRqEt9WgiVIBY,0x48761b470cbcdef1:0x162095085a7d4ba8,HMO ENFORCEMENT TEAM,,,,,"2 Frederick St, London WC1X 0ND",London,WC1X 0ND,United Kingdom of Great Britain and Northern Ireland,,,OPERATIONAL,"https://www.google.com/maps/place/HMO+ENFORCEMENT+TEAM/@51.528467,-0.1159504,14z/data=!4m8!1m2!2m1!1sHMO+ENFORCEMENT+TEAM!3m4!1s0x48761b470cbcdef1:0x162095085a7d4ba8!8m2!3d51.528467!4d-0.1159504",HMO London United Kingdom,,,,,false,C,unknown,unknown,false,false,HMO Enforcement Team appears to be local authority/compliance body; No evidence of private accommodation operations; Outside target market
ChIJecsr9a8FdkgR4rUjgnPK5No,0x487605aff52bcb79:0xdae4ca738223b5e2,Hmo Letting Agent,Property management company,Property management company,,+44 20 4538 4099,"Aldwych House, Aldwych, London WC2B 4HQ",London,WC2B 4HQ,United Kingdom of Great Britain and Northern Ireland,,,OPERATIONAL,"https://www.google.com/maps/place/Hmo+Letting+Agent/@51.513431399999995,-0.1156459,14z/data=!4m8!1m2!2m1!1sHmo+Letting+Agent!3m4!1s0x487605aff52bcb79:0xdae4ca738223b5e2!8m2!3d51.513431399999995!4d-0.1156459",HMO London United Kingdom,,,,,false,C,HMO,unknown,false,false,"Property management/letting agent company, not direct operator; Service provider business model does not match ideal customer; Does not manage own properties"
ChIJHQtfHmIDdkgRwQjKencFs9U,0x487603621e5f0b1d:0xd5b305777aca08c1,Hmo Agents London,Property management company,Property management company,,+44 20 4538 4043,"Aldgate High St, London EC3N 1AH",London,EC3N 1AH,United Kingdom of Great Britain and Northern Ireland,,,OPERATIONAL,"https://www.google.com/maps/place/Hmo+Agents+London/@51.5141413,-0.0760052,14z/data=!4m8!1m2!2m1!1sHmo+Agents+London!3m4!1s0x487603621e5f0b1d:0xd5b305777aca08c1!8m2!3d51.5141413!4d-0.0760052",HMO London United Kingdom,,,,,false,C,HMO,unknown,false,false,"Property management/letting agent company, not accommodation operator; Service provider business model does not match target profile; Does not operate own accommodation portfolio"
ChIJ0zawTlcbdkgRVJSbQK-2-08,0x48761b574eb036d3:0x4ffbb6af409b9454,AgentHMO,Estate Agent,Estate Agent,http://agenthmo.co.uk/,+44 20 3970 4112,"F4, Sutton Yard, 65 Goswell Rd., London EC1V 7EN",London,EC1V 7EN,United Kingdom of Great Britain and Northern Ireland,,,OPERATIONAL,"https://www.google.com/maps/place/AgentHMO/@51.5245263,-0.09942519999999999,14z/data=!4m8!1m2!2m1!1sAgentHMO!3m4!1s0x48761b574eb036d3:0x4ffbb6af409b9454!8m2!3d51.5245263!4d-0.09942519999999999",HMO London United Kingdom,,,,,false,C,HMO,unknown,false,false,"Estate agent business model, not accommodation operator; Primary focus is property sales/lettings, not managing own accommodation"
ChIJ2Qglz7AcdkgRmG5yNazBsw8,0x48761cb0cf2508d9:0xfb3c1ac35726e98,HMO Capital,Property Investment,Property Investment,http://hmocapital.co.uk/,+44 20 8123 4936,"56 Shoreditch High St, London E1 6JJ",London,E1 6JJ,United Kingdom of Great Britain and Northern Ireland,,,OPERATIONAL,"https://www.google.com/maps/place/HMO+Capital/@51.5238052,-0.0769164,14z/data=!4m8!1m2!2m1!1sHMO+Capital!3m4!1s0x48761cb0cf2508d9:0xfb3c1ac35726e98!8m2!3d51.5238052!4d-0.0769164",HMO London United Kingdom,,,,,false,C,HMO,unknown,false,false,"Property investment firm, not an accommodation operator; Likely focuses on investment/capital rather than operational management"
ChIJdYvEiSUFdkgRlUijENUo20k,0x4876052589c48b75:0x49db28d510a34895,MOH CLEANERS,Cleaning service,Cleaning service,,+44 20 3633 0805,,London,W1K 1QW,United Kingdom of Great Britain and Northern Ireland,,,OPERATIONAL,"https://www.google.com/maps/place/MOH+CLEANERS/@51.504351299999996,-0.1487511,14z/data=!4m8!1m2!2m1!1sMOH+CLEANERS!3m4!1s0x4876052589c48b75:0x49db28d510a34895!8m2!3d51.504351299999996!4d-0.1487511",HMO London United Kingdom,,,,,false,C,unknown,unknown,false,false,"Cleaning service provider, not accommodation operator; Core business is service delivery, not accommodation management; Outside PulseHub target market"
ChIJuxt3KJcDdkgR6BAyLxyHMhg,0x4876039728771bbb:0x1832871c2f3210e8,HMO Letting Agent,,,https://hmolettingagent.co.uk/contact-us/,+44 20 8191 2080,"20, 22 Lordship Ln, Greater, London SE22 8HN",London,SE22 8HN,United Kingdom of Great Britain and Northern Ireland,,,OPERATIONAL,"https://www.google.com/maps/place/HMO+Letting+Agent/@51.4599285,-0.0754378,14z/data=!4m8!1m2!2m1!1sHMO+Letting+Agent!3m4!1s0x4876039728771bbb:0x1832871c2f3210e8!8m2!3d51.4599285!4d-0.0754378",HMO London United Kingdom,,,,,false,C,HMO,unknown,false,false,"HMO letting agent business model focused on lettings services; Not an accommodation operator, provides agent services to others"
ChIJmcRJ5YwRdkgRLaYMzaMDH6U,0x4876118ce549c499:0xa51f03a3cd0ca62d,HMO Pro's,Property management company,"Property management company, Construction Company, Property maintenance",,+44 20 7846 2858,"673 Finchley Rd, London NW2 2JP",London,NW2 2JP,United Kingdom of Great Britain and Northern Ireland,,,OPERATIONAL,"https://www.google.com/maps/place/HMO+Pro%27s/@51.5614,-0.1972898,14z/data=!4m8!1m2!2m1!1sHMO+Pro%27s!3m4!1s0x4876118ce549c499:0xa51f03a3cd0ca62d!8m2!3d51.5614!4d-0.1972898",HMO London United Kingdom,,,,,false,C,HMO management/construction,unknown,false,false,"Listed as property management company and construction company, not an operator of accommodation; No evidence of direct ownership or management of HMO properties themselves; Service provider model (managing/constructing for others) rather than operator model that PulseHub targets"
ChIJV3T1p5oadkgRW__tJUpgxd4,0x48761a9aa7f57457:0xdec5604a25edff5b,Palmers Lodge Swiss Cottage,Hostel,"Hostel, Bar, Hotel, Restaurant",http://www.palmerslodge.uk/,+44 20 7483 8470,"40 College Cres, South Hampstead, London NW3 5LB",London,NW3 5LB,United Kingdom of Great Britain and Northern Ireland,4.2,1696,OPERATIONAL,"https://www.google.com/maps/place/Palmers+Lodge+Swiss+Cottage/@51.5454301,-0.17618009999999998,14z/data=!4m8!1m2!2m1!1sPalmers+Lodge+Swiss+Cottage!3m4!1s0x48761a9aa7f57457:0xdec5604a25edff5b!8m2!3d51.5454301!4d-0.17618009999999998",hostel London United Kingdom,,,,,,,,,,,
ChIJbeOfi74EdkgRNd2HLIbnVDQ,0x487604be8b9fe36d:0x3454e7862c87dd35,"The Steam Engine, Waterloo (PUBLOVE)",Pub,"Pub, Hostel",http://www.publove.co.uk/,+44 20 7928 0720,"41- 42 Cosser St, London SE1 7BU",London,SE1 7BU,United Kingdom of Great Britain and Northern Ireland,4.2,1619,OPERATIONAL,"https://www.google.com/maps/place/The+Steam+Engine%2C+Waterloo+%28PUBLOVE%29/@51.496898099999996,-0.1126408,14z/data=!4m8!1m2!2m1!1sThe+Steam+Engine%2C+Waterloo+%28PUBLOVE%29!3m4!1s0x487604be8b9fe36d:0x3454e7862c87dd35!8m2!3d51.496898099999996!4d-0.1126408",hostel London United Kingdom,,,,,,,,,,,
ChIJZQRJuC4bdkgRufqOz1F5nIY,0x48761b2eb8490465:0x869c7951cf8efab9,hub by Premier Inn London Goodge Street hotel,Bed & breakfast,"Bed & breakfast, Hotel",https://www.premierinn.com/gb/en/hotels/england/greater-london/london/hub-london-goodge-street.html%3Fcid%3DGLBC_LONGOO,+44 330 128 1346,"Brook House, Torrington Pl, London WC1E 7HN",London,WC1E 7HN,United Kingdom of Great Britain and Northern Ireland,4.4,1454,OPERATIONAL,"https://www.google.com/maps/place/hub+by+Premier+Inn+London+Goodge+Street+hotel/@51.5215141,-0.13471539999999999,14z/data=!4m8!1m2!2m1!1shub+by+Premier+Inn+London+Goodge+Street+hotel!3m4!1s0x48761b2eb8490465:0x869c7951cf8efab9!8m2!3d51.5215141!4d-0.13471539999999999",guest house London United Kingdom,,,,,,,,,,,
ChIJp-twC-EEdkgRHFYfqUrRmL4,0x487604e10b70eba7:0xbe98d14aa91f561c,Astor Victoria Hostel,Hostel,"Hostel, Youth hostel",http://www.astorhostels.com/,+44 20 7834 3077,"Victoria Hotel, 73 Belgrave Rd, Pimlico, London SW1V 2BG",London,SW1V 2BG,United Kingdom of Great Britain and Northern Ireland,3.8,1452,OPERATIONAL,"https://www.google.com/maps/place/Astor+Victoria+Hostel/@51.490265799999996,-0.1375795,14z/data=!4m8!1m2!2m1!1sAstor+Victoria+Hostel!3m4!1s0x487604e10b70eba7:0xbe98d14aa91f561c!8m2!3d51.490265799999996!4d-0.1375795",hostel London United Kingdom,,,,,,,,,,,
ChIJ7dAeMLkEdkgRxXcURh8v_LM,0x487604b9301ed0ed:0xb3fc2f1f461477c5,The Walrus Bar & Hostel,Pub,"Pub, Bar, Hostel",http://thewalrusbarandhostel.co.uk/,+44 7545 589214,"172 Westminster Bridge Rd, London SE1 7RW",London,SE1 7RW,United Kingdom of Great Britain and Northern Ireland,4.1,1428,OPERATIONAL,"https://www.google.com/maps/place/The+Walrus+Bar+%26+Hostel/@51.4999852,-0.11436869999999999,14z/data=!4m8!1m2!2m1!1sThe+Walrus+Bar+%26+Hostel!3m4!1s0x487604b9301ed0ed:0xb3fc2f1f461477c5!8m2!3d51.4999852!4d-0.11436869999999999",hostel London United Kingdom,,,,,,,,,,,
ChIJxePzolsFdkgRcOKM_XoqmoU,0x4876055ba2f3e3c5:0x859a2a7afd8ce270,Astor Hyde Park Hostel,Hostel,Hostel,https://astorhostels.com/,+44 20 7581 0103,"191 Queen's Gate, South Kensington, London SW7 5EU",London,SW7 5EU,United Kingdom of Great Britain and Northern Ireland,4.0,1236,OPERATIONAL,"https://www.google.com/maps/place/Astor+Hyde+Park+Hostel/@51.5003763,-0.1797512,14z/data=!4m8!1m2!2m1!1sAstor+Hyde+Park+Hostel!3m4!1s0x4876055ba2f3e3c5:0x859a2a7afd8ce270!8m2!3d51.5003763!4d-0.1797512",hostel London United Kingdom,,,,,,,,,,,
ChIJ330F5qcEdkgRMHAKgsJ01do,0x487604a7e6057ddf:0xdad574c2820a7030,"The Rose & Crown, London Bridge (PUBLOVE)",Pub,"Pub, Hostel",http://www.publove.co.uk/,+44 20 7407 7090,"65 Union St, London SE1 1SG",London,SE1 1SG,United Kingdom of Great Britain and Northern Ireland,4.2,1177,OPERATIONAL,"https://www.google.com/maps/place/The+Rose+%26+Crown%2C+London+Bridge+%28PUBLOVE%29/@51.5038182,-0.0947954,14z/data=!4m8!1m2!2m1!1sThe+Rose+%26+Crown%2C+London+Bridge+%28PUBLOVE%29!3m4!1s0x487604a7e6057ddf:0xdad574c2820a7030!8m2!3d51.5038182!4d-0.0947954",hostel London United Kingdom,,,,,,,,,,,
ChIJiUnsUigbdkgR9vX1PAJtRlQ,0x48761b2852ec4989:0x54466d023cf5f5f6,YMCA Indian Student Hostel,Hostel,Hostel,http://www.indianymca.org/,+44 20 7387 0411,"6EY, YMCA Indian Student Hostel, 41 Fitzroy Square, London W1T 6AQ",London,W1T 6AQ,United Kingdom of Great Britain and Northern Ireland,4.2,1160,OPERATIONAL,"https://www.google.com/maps/place/YMCA+Indian+Student+Hostel/@51.5227736,-0.13899809999999999,14z/data=!4m8!1m2!2m1!1sYMCA+Indian+Student+Hostel!3m4!1s0x48761b2852ec4989:0x54466d023cf5f5f6!8m2!3d51.5227736!4d-0.13899809999999999",student accommodation London United Kingdom,,,,,,,,,,,
ChIJG1pfXCYbdkgRMEDI6Nw4uOo,0x48761b265c5f5a1b:0xeab838dce8c84030,Exmouth Arms,Pub,"Pub, Hostel",http://www.publove.co.uk/exmouth-arms-euston,+44 20 7387 5440,"1 Starcross St, London NW1 2HR",London,NW1 2HR,United Kingdom of Great Britain and Northern Ireland,3.9,1068,OPERATIONAL,"https://www.google.com/maps/place/Exmouth+Arms/@51.5278983,-0.13669399999999998,14z/data=!4m8!1m2!2m1!1sExmouth+Arms!3m4!1s0x48761b265c5f5a1b:0xeab838dce8c84030!8m2!3d51.5278983!4d-0.13669399999999998",hostel London United Kingdom,,,,,,,,,,,
ChIJywsTtygPdkgRMFLewOWYshM,0x48760f28b7130bcb:0x13b298e5c0de5230,Onefam Notting Hill Hostel London,Youth hostel,"Youth hostel, Hostel",https://onefamhostels.com/notting-hill-onefam-hostel-london/,+44 20 7229 4944,"63 Prince's Square, London W2 4PX",London,W2 4PX,United Kingdom of Great Britain and Northern Ireland,4.3,1033,OPERATIONAL,"https://www.google.com/maps/place/Onefam+Notting+Hill+Hostel+London/@51.5132924,-0.1930248,14z/data=!4m8!1m2!2m1!1sOnefam+Notting+Hill+Hostel+London!3m4!1s0x48760f28b7130bcb:0x13b298e5c0de5230!8m2!3d51.5132924!4d-0.1930248",hostel London United Kingdom,,,,,,,,,,,
ChIJicIspWAbdkgRgjv6JMPPnBI,0x48761b60a52cc289:0x129ccfc324fa3b82,UniLiving London,Student Accommodation Centre,Student Accommodation Centre,http://unilivinglondon.com/,+44 800 088 6464,"16 Upper Woburn Pl, London WC1H 0AF",London,WC1H 0AF,United Kingdom of Great Britain and Northern Ireland,3.4,51,OPERATIONAL,"https://www.google.com/maps/place/UniLiving+London/@51.5270127,-0.13064009999999998,14z/data=!4m8!1m2!2m1!1sUniLiving+London!3m4!1s0x48761b60a52cc289:0x129ccfc324fa3b82!8m2!3d51.5270127!4d-0.13064009999999998",student accommodation London United Kingdom,,,,,,,,,,,
ChIJ397kuKIddkgRzcMb5WGW2CU,0x48761da2b8e4dedf:0x25d89661e51bc3cd,Student Homes - Halls of Residence,Student Halls,Student Halls,https://www.universalstudenthomes.com/,+44 20 3239 4790,London W1T 6EB,London,W1T 6EB,United Kingdom of Great Britain and Northern Ireland,4.5,40,OPERATIONAL,"https://www.google.com/maps/place/Student+Homes+-+Halls+of+Residence/@51.5238154,-0.1405438,14z/data=!4m8!1m2!2m1!1sStudent+Homes+-+Halls+of+Residence!3m4!1s0x48761da2b8e4dedf:0x25d89661e51bc3cd!8m2!3d51.5238154!4d-0.1405438",student accommodation London United Kingdom,,,,,,,,,,,
ChIJccO_LU2p2EcRNB3e1t15WzY,0x47d8a94d2dbfc371:0x365b79ddd6de1d34,Redwood Co-Living,Property management company,Property management company,http://redwoodpropertysolutions.co.uk/,+44 1223 902983,"Second Floor, 87 Chancery Ln, London WC2A 1ET",London,WC2A 1ET,United Kingdom of Great Britain and Northern Ireland,3.7,40,OPERATIONAL,"https://www.google.com/maps/place/Redwood+Co-Living/@51.515699899999994,-0.1121345,14z/data=!4m8!1m2!2m1!1sRedwood+Co-Living!3m4!1s0x47d8a94d2dbfc371:0x365b79ddd6de1d34!8m2!3d51.515699899999994!4d-0.1121345",co-living London United Kingdom,,,,,,,,,,,
ChIJtyFjPd0EdkgRueLRnCE4Jv8,0x487604dd3d6321b7:0xff2638219cd1e2b9,Essential Living,Property management company,"Property management company, Apartment Letting Agency",https://www.essentialliving.co.uk/,,"33 Cavendish Square, London W1G 0PW",London,W1G 0PW,United Kingdom of Great Britain and Northern Ireland,4.7,36,OPERATIONAL,"https://www.google.com/maps/place/Essential+Living/@51.5155015,-0.14422659999999998,14z/data=!4m8!1m2!2m1!1sEssential+Living!3m4!1s0x487604dd3d6321b7:0xff2638219cd1e2b9!8m2!3d51.5155015!4d-0.14422659999999998",co-living London United Kingdom,,,,,,,,,,,
ChIJa6YCEYUbdkgRJPe7OCi-vuY,0x48761b851102a66b:0xe6bebe2838bbf724,London Right Rooms,Property management company,Property management company,http://www.londonrightrooms.co.uk/,+44 20 4538 4525,"1 Coldbath Square, London EC1R 5HL",London,EC1R 5HL,United Kingdom of Great Britain and Northern Ireland,4.8,35,OPERATIONAL,"https://www.google.com/maps/place/London+Right+Rooms/@51.5239263,-0.11024149999999999,14z/data=!4m8!1m2!2m1!1sLondon+Right+Rooms!3m4!1s0x48761b851102a66b:0xe6bebe2838bbf724!8m2!3d51.5239263!4d-0.11024149999999999",HMO London United Kingdom,,,,,,,,,,,
ChIJZaT-MnGGwgcRIwwMsTA2-EI,0x7c2867132fea465:0x42f83630b10c0c23,Cohabs London,Furnished apartment building,Furnished apartment building,https://cohabs.com/cities/london,,"257 Upper St, London N1 1RU",London,N1 1RU,United Kingdom of Great Britain and Northern Ireland,4.6,28,OPERATIONAL,"https://www.google.com/maps/place/Cohabs+London/@51.5450145,-0.10403269999999999,14z/data=!4m8!1m2!2m1!1sCohabs+London!3m4!1s0x7c2867132fea465:0x42f83630b10c0c23!8m2!3d51.5450145!4d-0.10403269999999999",co-living London United Kingdom,,,,,,,,,,,
ChIJ8fNXRf4PdkgRy0PyC-sIfG8,0x48760ffe4557f3f1:0x6f7c08eb0bf243cb,Beaumont Student Living,Student Accommodation Centre,"Student Accommodation Centre, Student Halls",https://beaumontstudentliving.co.uk/,+44 20 3195 3214,"17-19 Prince's Square, London W2 4NP",London,W2 4NP,United Kingdom of Great Britain and Northern Ireland,4.1,22,OPERATIONAL,"https://www.google.com/maps/place/Beaumont+Student+Living/@51.5129198,-0.1917179,14z/data=!4m8!1m2!2m1!1sBeaumont+Student+Living!3m4!1s0x48760ffe4557f3f1:0x6f7c08eb0bf243cb!8m2!3d51.5129198!4d-0.1917179",student accommodation London United Kingdom,,,,,,,,,,,
ChIJqxpcUwen2EcRQfjeF4mpmKY,0x47d8a707535c1aab:0xa698a98917def841,HMO Guaranteed Rent London,Property management company,Property management company,http://eahmoguaranteedrent.co.uk/,+44 20 3475 5596,"17 Beryl Ave, London E6 5JT",London,E6 5JT,United Kingdom of Great Britain and Northern Ireland,5.0,22,OPERATIONAL,"https://www.google.com/maps/place/HMO+Guaranteed+Rent+London/@51.5180582,0.050907799999999996,14z/data=!4m8!1m2!2m1!1sHMO+Guaranteed+Rent+London!3m4!1s0x47d8a707535c1aab:0xa698a98917def841!8m2!3d51.5180582!4d0.050907799999999996",HMO London United Kingdom,,,,,,,,,,,
ChIJLaMWGlIEdkgRC9bUQcjlxco,0x487604521a16a32d:0xcac5e5c841d4d60b,HMO Services,Consultant,"Consultant, Construction Company, Fire protection service, Safety equipment supplier",http://www.hmoserviceslondon.com/,+44 20 3848 2200,"7 Prescott Pl, London SW4 6BS",London,SW4 6BS,United Kingdom of Great Britain and Northern Ireland,3.9,15,OPERATIONAL,"https://www.google.com/maps/place/HMO+Services/@51.4633258,-0.1355042,14z/data=!4m8!1m2!2m1!1sHMO+Services!3m4!1s0x487604521a16a32d:0xcac5e5c841d4d60b!8m2!3d51.4633258!4d-0.1355042",HMO London United Kingdom,,,,,,,,,,,
ChIJ60dW6UwHdkgRnCeO7UNH8VY,0x4876074ce95647eb:0x56f14743ed8e279c,HMO Go,Estate Agent,Estate Agent,http://hmogo.co.uk/,+44 20 8654 3202,"12 Broad Green Ave, Croydon CR0 2ST",Croydon,CR0 2ST,United Kingdom of Great Britain and Northern Ireland,4.7,15,OPERATIONAL,"https://www.google.com/maps/place/HMO+Go/@51.3858739,-0.10895519999999999,14z/data=!4m8!1m2!2m1!1sHMO+Go!3m4!1s0x4876074ce95647eb:0x56f14743ed8e279c!8m2!3d51.3858739!4d-0.10895519999999999",HMO London United Kingdom,,,,,,,,,,,
